"SERIESNAME","PUNEW","PUXX","GDPD","GMDC","LBGDPU","HSBR","IPXMCA","LBOUTU","LOUTM","IP","GMPYQ","LP","LUINC","GMCQ","GMCDQ","GMCNQ","GMCSQ","FSNCOM","FSPCOM","FYFF","FYGT1","FYGT10","FYGM3","LHUR"
" 1959:1",29.01,29.9,21.8257809,NA,26.1,1478,80.197,50.7,41.2000000000001,34.414,1780,44434,294.1,1356.453,97.467,595.59,667.029,29.66,55.62,2.48,3.36,4.02,2.82,6
" 1959:2",29,29.9,21.8257809,NA,26.1,1542,81.443,50.7,41.2000000000001,35.088,1789.9,44584,286.2,1369.872,101.932,597.744,670.812,29.28,54.77,2.4,3.54,3.96,2.7,5.9
" 1959:3",28.97,30,21.8257809,NA,26.1,1611,82.477,50.7,41.2000000000001,35.593,1803.8,44881,259.7,1383.376,102.298,606.64,674.859,30.01,56.15,2.8,3.61,3.99,2.8,5.6
" 1959:4",28.98,30,21.8315898,NA,26.1,1539,83.992,51.4,41.6000000000001,36.352,1815.7,45116,246.1,1378.818,103.793,596.938,678.763,30.53,57.1,2.96,3.72,4.12,2.95,5.2
" 1959:5",29.04,30.1,21.8315898,NA,26.1,1513,84.916,51.4,41.6000000000001,36.899,1828.5,45400,248,1395.318,104.028,608.451,683.317,31.01,57.96,2.9,3.96,4.31,2.84,5.1
" 1959:6",29.11,30.2,21.8315898,NA,26.1,1490,84.769,51.4,41.6000000000001,36.941,1834.9,45575,259.4,1400.888,105.137,609.072,686.931,30.74,57.46,3.39,4.07,4.34,3.21,5
" 1959:7",29.15,30.2,21.8838466,NA,26.1,1452,82.98,51.5,40.4,36.057,1832,45628,265.5,1396.668,104.023,604.776,689.894,31.96,59.74,3.44,4.39,4.4,3.2,5.1
" 1959:8",29.18,30.2,21.8838466,NA,26.1,1465,79.468,51.5,40.4,34.835,1822.3,45168,293.5,1405.445,106.495,606.534,692.93,31.81,59.4,3.5,4.42,4.43,3.38,5.2
" 1959:9",29.25,30.3,21.8838466,NA,26.1,1411,79.049,51.5,40.4,34.793,1823.6,45149,273,1419.371,109.055,612.879,695.99,30.65,57.05,3.76,5,4.68,4.04,5.5
" 1959:10",29.35,30.4,21.9828139,NA,26.3,1358,78.154,51.4,40.5000000000001,34.54,1826.3,45069,313.1,1410.214,102.748,612.337,699.388,30.64,57,3.98,4.8,4.53,4.05,5.7
" 1959:11",29.35,30.4,21.9828139,NA,26.3,1298,78.505,51.4,40.5000000000001,34.751,1840.6,45342,353.6,1409.454,102.288,609.641,703.026,30.72,57.23,4,4.81,4.53,4.15,5.8
" 1959:12",29.41,30.5,21.9828139,NA,26.3,1394,83.568,51.4,40.5000000000001,36.899,1858.5,45846,277.2,1408.652,97.838,614.532,705.459,31.74,59.06,3.99,5.14,4.69,4.49,5.3
" 1960:1",29.37,30.5,22.08,NA,26.3,1092,85.562,52.6,42.1000000000001,37.868,1865.3,46008,282.6,1412.408,99.049,613.434,708.833,31,58.03,3.99,5.03,4.72,4.35,5.2
" 1960:2",29.41,30.6,22.08,NA,26.3,1088,84.611,52.6,42.1000000000001,37.531,1866.6,46221,272.6,1417.851,105.039,607.129,710.616,30.07,55.78,3.97,4.66,4.49,3.96,4.8
" 1960:3",29.41,30.6,22.08,NA,26.3,955,83.242,52.6,42.1000000000001,37.194,1869.5,45904,305.3,1437.347,109.397,615.708,713.627,29.53,55.02,3.84,4.02,4.25,3.31,5.4
" 1960:4",29.54,30.6,22.15,NA,26.4,1016,82.259,51.8,41.7000000000001,36.899,1875.2,46235,296,1459.332,113.075,628.12,716.205,29.9,55.73,3.92,4.04,4.28,3.23,5.2
" 1960:5",29.57,30.6,22.15,NA,26.4,1052,81.471,51.8,41.7000000000001,36.857,1879.7,46064,318.1,1429.962,105.244,612.483,718.013,29.82,55.22,3.85,4.21,4.35,3.29,5.1
" 1960:6",29.61,30.7,22.15,NA,26.4,958,80.224,51.8,41.7000000000001,36.394,1880.1,45978,323.8,1429.667,102.376,617.228,717.651,30.85,57.26,3.32,3.36,4.15,2.46,5.4
" 1960:7",29.55,30.6,22.23,NA,26.5,999,79.727,52,41.6000000000001,36.267,1881,45906,337.7,1432.325,103.295,618.814,716.784,30.18,55.84,3.23,3.2,3.9,2.3,5.5
" 1960:8",29.61,30.6,22.23,NA,26.5,994,79.05,52,41.6000000000001,36.225,1879.8,45853,366.1,1430.933,105.606,613.884,716.495,30.46,56.51,2.98,2.95,3.8,2.3,5.6
" 1960:9",29.61,30.6,22.23,NA,26.5,984,77.919,52,41.6000000000001,35.846,1882.6,45702,353.8,1437.178,109.45,612.165,718.061,29.53,54.81,2.6,3.07,3.8,2.48,5.5
" 1960:10",29.75,30.8,22.3,NA,26.6,972,77.529,51.4,41.7000000000001,35.804,1888.6,45615,375.7,1443.845,108.126,617.757,721.771,28.75,53.73,2.47,3.04,3.89,2.3,6.1
" 1960:11",29.78,30.8,22.3,NA,26.6,979,75.772,51.4,41.7000000000001,35.299,1879.8,45445,387.6,1439.077,103.739,618.497,724.422,29.67,55.47,2.44,3.08,3.93,2.37,6.1
" 1960:12",29.81,30.7,22.3,NA,26.6,951,74.256,51.4,41.7000000000001,34.625,1869.6,45158,383.9,1421.354,97.828,610.064,726.542,30.35,56.8,1.98,2.86,3.84,2.25,6.6
" 1961:1",29.84,30.8,22.35,NA,26.6,969,74.109,52.1,41.4,34.667,1885.8,45100,396,1424.561,95.718,615.113,728.421,31.86,59.72,1.45,2.81,3.84,2.24,6.6
" 1961:2",29.84,30.8,22.35,NA,26.6,961,73.512,52.1,41.4,34.625,1893,44922,432.6,1430.215,96.363,617.81,730.421,33.05,62.17,2.54,2.93,3.78,2.42,6.9
" 1961:3",29.84,30.9,22.35,NA,26.6,1000,73.864,52.1,41.4,34.835,1900.1,45029,381.5,1447.854,99.284,625.45,735.65,34.2,64.12,2.02,2.88,3.74,2.39,6.9
" 1961:4",29.81,30.9,22.4,NA,26.7,1002,75.383,53.6,42.5000000000001,35.551,1903.9,44959,383.8,1448.656,98.121,624.062,740.974,35.05,65.83,1.5,2.88,3.78,2.29,7
" 1961:5",29.84,30.9,22.4,NA,26.7,1027,76.356,53.6,42.5000000000001,36.099,1918,45144,360.5,1457.053,99.387,625.767,746.227,35.54,66.5,1.98,2.87,3.71,2.29,7.1
" 1961:6",29.84,31,22.4,NA,26.7,1070,77.324,53.6,42.5000000000001,36.604,1937.4,45361,336.2,1461.273,100.129,627.922,746.998,35.01,65.62,1.73,3.06,3.88,2.33,6.9
" 1961:7",29.92,31,22.46,NA,26.7,1083,78.109,54.2,43.3,37.026,1943.3,45440,350.9,1457.18,100.93,623.044,746.588,34.96,65.44,1.16,2.92,3.92,2.24,7
" 1961:8",29.94,31.1,22.46,NA,26.7,1159,78.978,54.2,43.3,37.362,1944.5,45588,318,1462.539,101.81,626.388,746.926,36.21,67.79,2,3.06,4.04,2.39,6.6
" 1961:9",29.98,31.1,22.46,NA,26.7,1098,78.156,54.2,43.3,37.32,1947.8,45624,331.8,1470.768,102.391,629.561,751.552,35.9,67.26,1.88,3.06,3.98,2.28,6.7
" 1961:10",29.98,31.1,22.53,NA,26.7,1123,79.553,54.8,43.9,38.036,1967.4,45705,306.4,1479.84,104.003,631.385,756.756,36.35,68,2.26,3.05,3.92,2.3,6.5
" 1961:11",29.98,31.2,22.53,NA,26.7,1152,80.766,54.8,43.9,38.626,1985.9,45933,306.8,1494.103,107.037,635.522,762.25,37.94,71.08,2.62,3.07,3.94,2.48,6.1
" 1961:12",30.01,31.2,22.53,NA,26.7,1161,81.604,54.8,43.9,38.963,1996.5,46039,298.5,1504.315,109.299,638.893,765.43,38.41,71.74,2.33,3.18,4.06,2.6,6
" 1962:1",30.04,31.2,22.67,NA,26.8,1122,80.241,55.8,44.1000000000001,38.626,1991,45990,302.9,1504.864,108.786,639.686,766.153,37,69.07,2.14,3.28,4.08,2.72,5.8
" 1962:2",30.11,31.2,22.67,NA,26.8,1194,81.427,55.8,44.1000000000001,39.258,2000.1,46272,297.4,1503.977,108.371,638.324,767.743,37.64,70.22,2.37,3.28,4.04,2.73,5.5
" 1962:3",30.17,31.3,22.67,NA,26.8,1134,81.891,55.8,44.1000000000001,39.469,2014.1,46337,289.3,1516.426,109.997,644.101,771.888,37.65,70.29,2.7,3.06,3.93,2.72,5.6
" 1962:4",30.21,31.3,22.71,NA,26.9,1235,81.743,55.6,43.8,39.553,2024.5,46669,285.2,1521.152,110.408,644.207,776.658,36.36,68.05,2.69,2.99,3.84,2.73,5.6
" 1962:5",30.24,31.4,22.71,NA,26.9,1142,81.335,55.6,43.8,39.511,2028.2,46690,302.8,1532.925,113.168,647.167,781.188,33.8,62.99,2.29,3.03,3.87,2.68,5.5
" 1962:6",30.21,31.4,22.71,NA,26.9,1154,80.929,55.6,43.8,39.427,2034.5,46693,306.2,1525.878,112.191,640.241,783.646,30.1,55.63,2.68,3.03,3.91,2.73,5.5
" 1962:7",30.22,31.4,22.76,NA,27,1189,81.476,56.3,44.1000000000001,39.806,2044.4,46754,305.2,1531.069,112.147,643.929,785.26,30.56,56.97,2.71,3.29,4.01,2.92,5.4
" 1962:8",30.28,31.5,22.76,NA,27,1200,81.417,56.3,44.1000000000001,39.848,2047.4,46846,307.3,1535.331,111.766,647.128,787.091,31.5,58.52,2.93,3.2,3.98,2.82,5.7
" 1962:9",30.42,31.5,22.76,NA,27,1223,81.787,56.3,44.1000000000001,40.1,2048.4,46895,302.4,1552.294,115.117,654.993,790.44,31.06,58,2.9,3.06,3.98,2.78,5.6
" 1962:10",30.38,31.5,22.83,NA,27,1181,81.385,56.7,44.5000000000001,40.143,2056.7,46932,306.5,1544.361,112.201,649.269,794.319,30.12,56.17,2.9,2.98,3.93,2.74,5.4
" 1962:11",30.38,31.5,22.83,NA,27,1236,81.839,56.7,44.5000000000001,40.311,2065.8,46918,301.3,1564.574,119.426,654.041,797.428,32.35,60.04,2.94,3,3.92,2.83,5.7
" 1962:12",30.38,31.6,22.83,NA,27,1236,81.679,56.7,44.5000000000001,40.311,2074.5,46880,312,1572.887,122.856,654.728,799.331,33.73,62.64,2.93,3.01,3.86,2.87,5.5
" 1963:1",30.44,31.5,22.91,NA,27.1,1248,81.945,57.1,45.0000000000001,40.606,2085.5,46863,311.9,1572.38,121.913,656.024,799.066,34.94,65.06,2.91,3.04,3.83,2.91,5.7
" 1963:2",30.48,31.6,22.91,NA,27.1,1212,82.378,57.1,45.0000000000001,41.069,2073.6,46954,303.1,1566.684,120.34,651.781,800.921,35.56,65.92,3,3.01,3.92,2.92,5.9
" 1963:3",30.51,31.7,22.91,NA,27.1,1258,82.624,57.1,45.0000000000001,41.322,2082.8,47040,289.6,1574.701,119.866,658.006,803.596,35.24,65.67,2.98,3.03,3.93,2.89,5.7
" 1963:4",30.48,31.7,22.94,NA,27.1,1288,83.458,57.6,45.7000000000001,41.701,2089.7,47321,295.5,1580.314,121.966,657.663,806.391,37.07,68.76,2.9,3.11,3.97,2.9,5.7
" 1963:5",30.51,31.7,22.94,NA,27.1,1350,83.951,57.6,45.7000000000001,42.207,2098.5,47360,289.7,1581.537,122.582,655.878,808.872,37.73,70.14,3,3.12,3.93,2.92,5.9
" 1963:6",30.61,31.8,22.94,NA,27.1,1345,83.94,57.6,45.7000000000001,42.333,2110.5,47389,285.7,1597.151,125.796,660.452,815.089,37.54,70.11,2.99,3.2,3.99,2.99,5.6
" 1963:7",30.69,31.8,22.98,NA,27.1,1321,83.345,58.8,45.7000000000001,42.164,2111.4,47493,283.9,1605.21,126.949,661.523,821.04,37.08,69.07,3.02,3.47,4.02,3.18,5.6
" 1963:8",30.75,31.9,22.98,NA,27.1,1310,83.501,58.8,45.7000000000001,42.249,2119.9,47585,291.9,1610.401,123.627,667.59,826.461,38.1,70.98,3.49,3.53,4,3.32,5.4
" 1963:9",30.72,31.9,22.98,NA,27.1,1413,83.823,58.8,45.7000000000001,42.67,2133.8,47678,287.2,1607.109,124.082,660.492,830.581,39.04,72.85,3.48,3.57,4.08,3.38,5.5
" 1963:10",30.75,32,23.16,NA,27.2,1414,84.307,58.8,46.3,42.965,2146.9,47801,284.4,1606.772,123.09,659.328,833.738,39.19,73.03,3.5,3.64,4.11,3.45,5.5
" 1963:11",30.78,32,23.16,NA,27.2,1357,84.295,58.8,46.3,43.175,2150.1,47767,278.3,1618.25,126.803,661.456,837.111,38.83,72.62,3.48,3.74,4.12,3.52,5.7
" 1963:12",30.88,32.1,23.16,NA,27.2,1423,84.009,58.8,46.3,43.091,2167.6,47854,303.4,1638.378,131.195,670.167,841.087,39.8,74.17,3.38,3.81,4.13,3.52,5.5
" 1964:1",30.94,32.2,23.22,NA,27.3,1296,84.462,60.2,46.9,43.47,2176.4,47838,285.3,1643.484,131.957,669.493,846.508,41.03,76.45,3.48,3.79,4.17,3.52,5.6
" 1964:2",30.91,32.2,23.22,NA,27.3,1442,84.667,60.2,46.9,43.765,2184.2,48153,271.8,1655.764,132.641,677.094,850.146,41.7,77.39,3.48,3.78,4.15,3.53,5.4
" 1964:3",30.94,32.2,23.22,NA,27.3,1313,84.357,60.2,46.9,43.765,2194,48251,279.1,1661.376,130.604,682.262,854.507,42.41,78.8,3.43,3.91,4.22,3.54,5.4
" 1964:4",30.95,32.2,23.28,NA,27.4,1264,85.587,60.6,47.4,44.481,2206.9,48265,266.8,1664.752,132.128,679.671,858.7,42.96,79.94,3.47,3.91,4.23,3.47,5.3
" 1964:5",30.98,32.2,23.28,NA,27.4,1299,85.598,60.6,47.4,44.734,2220.3,48437,264.4,1687.201,135.562,692.295,862.434,43.32,80.72,3.5,3.84,4.2,3.48,5.1
" 1964:6",31.01,32.3,23.28,NA,27.4,1280,85.449,60.6,47.4,44.86,2229.4,48576,258.4,1697.244,138.073,694.502,866.506,43.04,80.24,3.5,3.83,4.17,3.48,5.2
" 1964:7",31.02,32.3,23.37,NA,27.5,1304,85.861,61.1,47.6000000000001,45.155,2240.3,48764,261.4,1709.186,140.277,699.023,870.626,44.58,83.22,3.42,3.72,4.19,3.46,4.9
" 1964:8",31.05,32.3,23.37,NA,27.5,1306,86.11,61.1,47.6000000000001,45.45,2256.6,48908,245.8,1719.904,141.649,704.204,874.072,44.1,82,3.5,3.74,4.19,3.5,5
" 1964:9",31.08,32.3,23.37,NA,27.5,1265,86.199,61.1,47.6000000000001,45.618,2266.3,49147,247.3,1712.604,137.316,700.715,878.553,44.91,83.41,3.45,3.84,4.2,3.53,5.1
" 1964:10",31.12,32.4,23.49,NA,27.6,1230,84.625,60.3,47.8,44.987,2269,48977,251,1723.533,139.905,703.795,882.457,45.76,84.85,3.36,3.86,4.19,3.57,5.1
" 1964:11",31.21,32.5,23.49,NA,27.6,1254,86.848,60.3,47.8,46.377,2282.4,49353,264.1,1707.709,133.95,695.018,886.794,46.08,85.44,3.52,3.91,4.15,3.64,4.8
" 1964:12",31.25,32.5,23.49,NA,27.6,1164,88.002,60.3,47.8,46.924,2304.5,49550,252.9,1724.504,131.673,712.307,889.492,45.26,83.96,3.85,4.02,4.18,3.84,5
" 1965:1",31.28,32.6,23.61,NA,27.7,1264,88.599,61.3,48.2000000000001,47.43,2316.5,49596,244.7,1736.151,138.752,710.364,891.492,46.33,86.12,3.9,3.94,4.19,3.81,4.9
" 1965:2",31.28,32.6,23.61,NA,27.7,1185,88.723,61.3,48.2000000000001,47.725,2316.3,49839,249.9,1763.664,149.06,717.832,893.926,46.73,86.75,3.98,4.03,4.21,3.93,5.1
" 1965:3",31.31,32.6,23.61,NA,27.7,1211,89.277,61.3,48.2000000000001,48.356,2326.6,49983,239,1768.812,156.393,707.496,898.287,46.78,86.83,4.04,4.06,4.21,3.93,4.7
" 1965:4",31.38,32.7,23.71,NA,27.8,1162,89.287,61.7,48.6000000000001,48.567,2338.3,50199,239.2,1781.767,154.195,719.524,903.057,47.39,87.97,4.09,4.04,4.2,3.93,4.8
" 1965:5",31.48,32.7,23.71,NA,27.8,1207,89.449,61.7,48.6000000000001,48.946,2351.1,50400,225.2,1780.416,148.63,723.86,907.153,48.01,89.28,4.1,4.03,4.21,3.89,4.6
" 1965:6",31.61,32.7,23.71,NA,27.8,1241,89.458,61.7,48.6000000000001,49.325,2358.4,50586,226,1766.153,142.436,716.299,912.213,45.57,85.04,4.04,3.99,4.21,3.8,4.6
" 1965:7",31.58,32.7,23.81,NA,27.9,1237,90.297,62.8,48.8,49.789,2373.5,50783,232.4,1787.548,146.017,728.394,915.056,45.43,84.91,4.09,3.98,4.2,3.83,4.4
" 1965:8",31.55,32.7,23.81,NA,27.9,1249,89.851,62.8,48.8,49.999,2383.4,50943,249.7,1800.376,151.996,727.812,919.225,46.36,86.49,4.12,4.07,4.25,3.84,4.4
" 1965:9",31.62,32.8,23.81,NA,27.9,1227,89.559,62.8,48.8,50.126,2446.6,51168,219.9,1830.421,163.022,734.21,925.128,47.95,89.38,4.01,4.2,4.29,3.92,4.3
" 1965:10",31.65,32.8,23.97,NA,28,1279,89.789,63.8,48.6000000000001,50.631,2434.2,51335,210.3,1857.048,161.65,756.337,931.392,49.05,91.39,4.08,4.3,4.35,4.02,4.2
" 1965:11",31.75,32.9,23.97,NA,28,1306,89.648,63.8,48.6000000000001,50.842,2453.4,51570,214,1856.415,160.399,753.086,937.247,49.43,92.15,4.1,4.37,4.45,4.08,4.1
" 1965:12",31.85,33,23.97,NA,28,1315,90.514,63.8,48.6000000000001,51.473,2466,51864,208,1860.592,158.953,756.879,940.259,49.62,91.73,4.32,4.72,4.62,4.37,4
" 1966:1",31.88,33,24.13,NA,28,1325,90.859,64.8,48.7000000000001,51.979,2471.4,51987,223.4,1872.45,163.296,759.668,942.283,50.56,93.32,4.42,4.88,4.61,4.58,4
" 1966:2",32.08,33.1,24.13,NA,28,1159,90.911,64.8,48.7000000000001,52.316,2481.8,52247,220.1,1884.941,167.756,763.118,943.97,50.36,92.69,4.6,4.94,4.83,4.65,3.8
" 1966:3",32.18,33.1,24.13,NA,28,1234,91.588,64.8,48.7000000000001,53.032,2493,52531,183.2,1899.33,172.935,764.374,949.319,48.28,88.88,4.65,4.97,4.87,4.58,3.8
" 1966:4",32.28,33.3,24.32,NA,28.3,1145,91.542,64.5,48.8,53.116,2492.5,52692,179.9,1901.06,167.776,771.261,952.788,49.6,91.6,4.67,4.9,4.75,4.61,3.8
" 1966:5",32.35,33.4,24.32,NA,28.3,1078,91.638,64.5,48.8,53.622,2500.7,52879,193,1883.168,158.635,764.89,957.559,46.87,86.78,4.9,4.93,4.78,4.63,3.9
" 1966:6",32.38,33.5,24.32,NA,28.3,956,91.521,64.5,48.8,53.874,2514.2,53215,195.6,1888.57,156.706,770.944,960.041,46.61,86.06,5.17,4.97,4.81,4.5,3.8
" 1966:7",32.45,33.6,24.58,NA,28.6,932,91.405,64.4,49.2000000000001,54.169,2525.5,53343,200.3,1904.394,160.013,779.086,961.992,46.47,85.84,5.3,5.17,5.02,4.78,3.8
" 1966:8",32.65,33.7,24.58,NA,28.6,877,91.08,64.4,49.2000000000001,54.211,2539,53478,196,1907.601,166.462,770.15,964.643,43.72,80.65,5.53,5.54,5.22,4.95,3.8
" 1966:9",32.75,33.8,24.58,NA,28.6,774,91.246,64.4,49.2000000000001,54.717,2553.9,53535,198.9,1925.071,173.13,773.362,968.522,41.99,77.81,5.4,5.82,5.18,5.36,3.7
" 1966:10",32.85,34,24.79,NA,28.9,739,91.618,64.8,49.6000000000001,55.096,2565.7,53702,204,1916.42,168.738,769.053,972.16,41.5,77.13,5.53,5.58,5.01,5.33,3.7
" 1966:11",32.88,34,24.79,NA,28.9,736,90.129,64.8,49.6000000000001,54.717,2580.8,53831,209.7,1919.121,165.861,772.199,976.883,43.73,80.99,5.77,5.54,5.16,5.31,3.6
" 1966:12",32.92,34.1,24.79,NA,28.9,743,90.025,64.8,49.6000000000001,54.843,2579.3,53985,220.9,1921.864,165.079,772.305,981.485,44.16,81.33,5.4,5.2,4.84,4.96,3.8
" 1967:1",32.9,34.2,24.89,24.3378879,29.1,995,89.842,65.5,50.0000000000001,55.102,2603,54053,208.7,2038.854,164.278,772.988,1089.534,46.02,84.45,4.94,4.75,4.58,4.72,3.9
" 1967:2",33,34.2,24.89,24.3662879,29.1,907,88.395,65.5,50.0000000000001,54.477,2604.6,54003,252,2031.364,158.317,773.209,1092.672,47.8,87.36,5,4.71,4.63,4.56,3.8
" 1967:3",33,34.3,24.89,24.3823965,29.1,955,87.516,65.5,50.0000000000001,54.17,2620.2,54089,247.6,2041.682,160.863,774.956,1097.547,49.02,89.42,4.53,4.35,4.54,4.26,3.8
" 1967:4",33.1,34.4,25.05,24.4240678,29.2,1035,87.656,65.7,50.5000000000001,54.681,2617.8,54031,263.6,2060.746,168.211,777.317,1102.179,49.92,90.96,4.05,4.1,4.59,3.84,3.8
" 1967:5",33.1,34.5,25.05,24.4706732,29.2,1076,86.611,65.7,50.5000000000001,54.204,2622.5,54148,234.7,2060.589,167.2,775.586,1106.566,51,92.59,3.94,4.15,4.85,3.6,3.8
" 1967:6",33.3,34.6,25.05,24.5515047,29.2,1169,86.069,65.7,50.5000000000001,54.197,2632.8,54256,221.7,2072.374,169.518,779.237,1111.106,50.54,91.43,3.98,4.48,5.02,3.53,3.9
" 1967:7",33.4,34.7,25.31,24.6317302,29.5,1177,85.307,65.9,50.9,54.074,2647,54411,232.1,2065.198,167.04,772.107,1117.505,51.67,93.01,3.79,5.01,5.16,4.2,3.8
" 1967:8",33.5,34.9,25.31,24.7069324,29.5,1229,86.492,65.9,50.9,55.11,2658.7,54500,211.6,2071.536,164.155,777.805,1123.477,52.46,94.49,3.89,5.13,5.28,4.26,3.8
" 1967:9",33.6,35,25.31,24.7805993,29.5,1279,86.064,65.9,50.9,55.02,2659.4,54614,215.3,2088.872,169,784.038,1125.884,53.23,95.81,4,5.24,5.3,4.42,3.8
" 1967:10",33.7,35.1,25.59,24.8491259,29.7,1280,86.37,66,52.0000000000001,55.468,2658.5,54623,216.6,2069.441,163.804,773.571,1127.651,53.13,95.66,3.88,5.37,5.48,4.55,4
" 1967:11",33.9,35.2,25.59,24.9346803,29.7,1297,87.535,66,52.0000000000001,56.261,2674,55049,199.4,2083.215,165.511,781.079,1130.515,51.4,92.66,4.12,5.61,5.75,4.72,3.9
" 1967:12",34,35.4,25.59,24.9731746,29.7,1315,88.004,66,52.0000000000001,56.867,2699.2,55200,214.7,2110.869,171.676,792.365,1135.726,53.06,95.3,4.51,5.71,5.7,4.96,3.8
" 1968:1",34.1,35.5,25.88,25.0956845,30.1,1179,87.408,67.5,52.4,56.806,2704.4,54964,215.5,2122.863,175.695,792.019,1142.49,53.24,95.04,4.6,5.43,5.53,4.99,3.7
" 1968:2",34.2,35.7,25.88,25.1979146,30.1,1342,87.406,67.5,52.4,57.01,2724.7,55354,196.8,2124.906,174.592,796.694,1140.784,50.68,90.75,4.72,5.42,5.56,4.97,3.8
" 1968:3",34.3,35.8,25.88,25.2750294,30.1,1370,87.16,67.5,52.4,57.188,2748.7,55436,196.1,2160.678,182.754,809.695,1149.498,49.48,89.09,5.05,5.58,5.74,5.16,3.7
" 1968:4",34.4,35.9,26.14,25.3490732,30.4,1286,86.863,68.1,52.7000000000001,57.271,2763.2,55678,198.8,2153.345,177.773,805.697,1156.597,53.23,95.67,5.76,5.71,5.64,5.37,3.5
" 1968:5",34.5,36,26.14,25.4429334,30.4,1297,87.577,68.1,52.7000000000001,57.913,2777.2,55727,195.9,2168.272,183.253,807.035,1161.564,54.85,97.87,6.12,6.14,5.87,5.65,3.5
" 1968:6",34.7,36.2,26.14,25.5199599,30.4,1300,87.381,68.1,52.7000000000001,58.126,2789.7,55941,191.8,2187.284,182.292,816.102,1174.392,56.64,100.53,6.07,5.98,5.72,5.52,3.7
" 1968:7",34.9,36.4,26.39,25.5988247,30.6,1344,86.739,67.9,52.5000000000001,58.037,2807.7,56110,195.8,2207.449,188.5,823.531,1175.793,56.41,100.3,6.02,5.65,5.5,5.31,3.7
" 1968:8",35,36.5,26.39,25.6982842,30.6,1357,86.791,67.9,52.5000000000001,58.199,2820,56310,197.2,2213.891,189.554,825.263,1179.054,55.04,98.11,6.03,5.43,5.42,5.08,3.5
" 1968:9",35.1,36.7,26.39,25.7883907,30.6,1464,86.466,67.9,52.5000000000001,58.419,2831.5,56447,190.1,2210.801,189.967,817.802,1184.812,56.8,101.34,5.78,5.44,5.46,5.2,3.4
" 1968:10",35.3,36.9,26.76,25.9020643,31,1421,86.638,67.8,53.0000000000001,58.535,2836.6,56656,184.4,2214.31,189.301,819.014,1188.895,58.32,103.76,5.92,5.57,5.58,5.35,3.4
" 1968:11",35.4,37.1,26.76,25.9902859,31,1436,87.496,67.8,53.0000000000001,59.292,2848.1,56903,183.8,2226.251,186.761,829.041,1194.989,59.44,105.4,5.81,5.75,5.7,5.45,3.4
" 1968:12",35.6,37.2,26.76,26.0473432,31,1389,87.133,67.8,53.0000000000001,59.479,2858.3,57135,199.4,2220.595,188.087,818.164,1200.413,60.32,106.48,6.02,6.19,6.03,5.94,3.4
" 1969:1",35.7,37.3,27.03,26.1464427,31.3,1459,87.304,68.4,53.6000000000001,59.839,2861,57218,194.2,2238.664,192.692,826.003,1202.028,57.82,102.04,6.3,6.34,6.04,6.13,3.4
" 1969:2",35.8,37.6,27.03,26.214858,31.3,1495,87.671,68.4,53.6000000000001,60.222,2873.1,57459,194.7,2252.753,193.216,832.85,1208.792,57.33,101.46,6.64,6.41,6.19,6.12,3.4
" 1969:3",36.1,37.8,27.03,26.3372625,31.3,1438,88.001,68.4,53.6000000000001,60.694,2885.3,57703,185.3,2242.959,188.691,830.835,1209.005,55.69,99.3,6.79,6.34,6.3,6.01,3.4
" 1969:4",36.3,38.1,27.39,26.4538503,31.7,1441,87.298,67.9,53.3,60.471,2894.6,57838,182.3,2252.02,190.947,833.023,1212.418,56.61,101.26,7.41,6.26,6.17,6.11,3.4
" 1969:5",36.4,38.1,27.39,26.5664047,31.7,1328,86.616,67.9,53.3,60.242,2904.4,58028,181.6,2266.528,191.07,839.052,1221.62,58.5,104.62,8.67,6.42,6.32,6.03,3.4
" 1969:6",36.6,38.3,27.39,26.6948805,31.7,1349,86.812,67.9,53.3,60.831,2912.8,58289,191.1,2257.991,190.818,829.985,1224.271,55.2,99.14,8.9,7.04,6.57,6.43,3.5
" 1969:7",36.8,38.5,27.79,26.8171207,32,1278,87.112,67.8,53.6000000000001,61.152,2927.9,58451,200.3,2254.377,186.243,833.259,1224.758,52.4,94.71,8.61,7.6,6.72,6.98,3.5
" 1969:8",36.9,38.7,27.79,26.8897277,32,1317,86.904,67.8,53.6000000000001,61.293,2946.6,58551,198.6,2275.222,190.398,840.815,1231.248,52.09,94.18,9.19,7.54,6.69,6.97,3.5
" 1969:9",37.1,38.9,27.79,27.0101018,32,1263,86.46,67.8,53.6000000000001,61.279,2951.7,58598,194,2277.422,194.627,832.173,1237.281,52.37,94.51,9.15,7.82,7.16,7.08,3.7
" 1969:10",37.3,39.1,28.15,27.1036338,32.4,1216,86.224,67.5,53.6000000000001,61.297,2959.2,58714,199.5,2288.944,191.089,842.688,1244.106,53.27,95.52,9,7.64,7.1,6.99,3.7
" 1969:11",37.5,39.2,28.15,27.2223027,32.4,1191,85.008,67.5,53.6000000000001,60.719,2959.6,58645,206.8,2286.221,189.042,840.342,1248.25,53.85,96.21,8.85,7.89,7.14,7.24,3.5
" 1969:12",37.7,39.4,28.15,27.3453546,32.4,1155,84.239,67.5,53.6000000000001,60.556,2964.4,58787,219.5,2284.388,188.259,838.406,1250.292,50.86,91.11,8.97,8.17,7.65,7.81,3.5
" 1970:1",37.9,39.6,28.55,27.442246,32.7,1062,82.116,67.7,52.8,59.435,2961.2,58671,250.9,2298.11,185.676,850.149,1255.989,50.6,90.31,8.98,8.1,7.8,7.87,3.9
" 1970:2",38.1,39.8,28.55,27.5555946,32.7,1118,81.919,67.7,52.8,59.396,2965.5,58779,258.3,2307.956,189.221,847.079,1265.161,48.76,87.16,8.98,7.59,7.24,7.13,4.2
" 1970:3",38.3,40.1,28.55,27.6241771,32.7,1132,81.427,67.7,52.8,59.318,2973.6,58878,267.5,2296.539,183.401,850.212,1258.579,49.46,88.65,7.76,6.97,7.07,6.63,4.4
" 1970:4",38.5,40.4,28.94,27.7632157,33.2,1224,80.881,68.7,53.8,59.166,3026.2,58678,340.3,2298.581,186.089,844.923,1263.028,47.51,85.95,8.1,7.06,7.39,6.5,4.6
" 1970:5",38.6,40.5,28.94,27.8510019,33.2,1328,80.439,68.7,53.8,59.097,3004.6,58453,304.2,2314.66,188.315,853.297,1266.532,41.65,76.06,7.94,7.75,7.91,6.83,4.8
" 1970:6",38.8,40.8,28.94,27.9222138,33.2,1322,79.945,68.7,53.8,58.906,2999.9,58387,296.5,2322.674,189.615,854.383,1272.291,41.28,75.59,7.6,7.55,7.84,6.67,4.9
" 1970:7",38.9,40.9,29.18,28.0267856,33.4,1324,79.943,70,54.6000000000001,59.05,3016.6,58396,281.8,2321.993,187.895,853.014,1276.831,41.15,75.72,7.21,7.1,7.46,6.45,5
" 1970:8",39,41.1,29.18,28.1025931,33.4,1394,79.152,70,54.6000000000001,58.945,3025.7,58206,291,2331.735,189.319,855.359,1282.62,42.28,77.92,6.61,6.99,7.53,6.41,5.1
" 1970:9",39.2,41.3,29.18,28.2322551,33.4,1426,78.242,70,54.6000000000001,58.539,3030.8,58256,324.5,2342.838,188.438,861.167,1289.933,45.1,82.58,6.29,6.73,7.39,6.12,5.4
" 1970:10",39.4,41.5,29.56,28.3744126,33.9,1564,76.257,69.3,55.5000000000001,57.368,3013.5,57770,329.1,2328.383,181.342,859.263,1289.11,46.06,84.37,6.2,6.43,7.33,5.9,5.5
" 1970:11",39.6,41.8,29.56,28.4912164,33.9,1502,75.557,69.3,55.5000000000001,57.02,3008.1,57611,324.8,2312.618,170.24,860.789,1290.146,45.84,84.28,5.6,5.51,6.84,5.28,5.9
" 1970:12",39.8,42,29.56,28.6227835,33.9,1767,77.309,69.3,55.5000000000001,58.33,3016.2,57965,304.1,2333.62,173.248,869.777,1297.306,49,90.05,4.9,5,6.39,4.87,6.1
" 1971:1",39.9,42.1,30,28.6783381,34.2,1643,77.743,71.5,56.7000000000001,58.779,3044.6,57982,297.5,2366.354,193.869,868.628,1297.398,51.29,93.49,4.14,4.57,6.24,4.44,5.9
" 1971:2",39.9,42.2,30,28.7594534,34.2,1588,77.581,71.5,56.7000000000001,58.666,3047.7,57913,283.5,2370.963,192.692,868.738,1305.289,53.42,97.11,3.72,3.89,6.11,3.69,5.9
" 1971:3",40,42.2,30,28.8557682,34.2,1759,77.222,71.5,56.7000000000001,58.603,3059.4,57966,293.3,2372.063,197.371,861.088,1307.666,54.89,99.6,3.71,3.69,5.7,3.38,6
" 1971:4",40.1,42.4,30.4,28.9690438,34.6,1745,77.429,71.7,57.5000000000001,58.932,3067.9,58115,284.4,2386.047,198.166,868.455,1313.029,56.81,103.04,4.15,4.31,5.83,3.85,5.9
" 1971:5",40.3,42.6,30.4,29.0860935,34.6,1972,77.753,71.7,57.5000000000001,59.231,3078.8,58283,292.2,2384.686,196.39,866.802,1317.172,56,101.64,4.63,5.04,6.39,4.13,5.9
" 1971:6",40.5,42.8,30.4,29.2184606,34.6,1903,77.75,71.7,57.5000000000001,59.479,3135.4,58299,290,2403.436,202.592,872.784,1319.305,55.06,99.72,4.91,5.64,6.52,4.74,5.9
" 1971:7",40.6,42.9,30.71,29.3097561,35,2069,77.685,72.4,58.1000000000001,59.307,3093,58333,296.8,2392.647,198.104,867.117,1322.901,54.83,99,5.31,6.04,6.73,5.39,6
" 1971:8",40.7,43,30.71,29.3955221,35,2004,76.571,72.4,58.1000000000001,58.963,3108.6,58299,324.7,2406.159,201.84,870.36,1327.38,53.73,97.24,5.57,5.8,6.58,4.93,6.1
" 1971:9",40.8,43,30.71,29.4342877,35,1996,77.924,72.4,58.1000000000001,59.921,3117.6,58600,304.4,2430.723,213.078,870.848,1334.327,54.95,99.4,5.55,5.41,6.14,4.69,6
" 1971:10",40.9,43.1,30.96,29.4863691,35.1,2026,78.884,71.6,59.1000000000001,60.369,3124.1,58564,296.7,2436.38,213.59,869.651,1341.853,53.76,97.29,5.2,4.91,5.93,4.46,5.8
" 1971:11",41,43.2,30.96,29.5435595,35.1,2079,78.976,71.6,59.1000000000001,60.626,3143.3,58729,286.6,2448.95,213.572,878.466,1345.083,51.17,92.78,4.91,4.67,5.81,4.22,6
" 1971:12",41.1,43.3,30.96,29.663285,35.1,2133,79.51,71.6,59.1000000000001,61.326,3165.5,58943,267.6,2464.191,212.98,881.882,1359.952,54.76,99.17,4.14,4.61,5.93,4.01,6
" 1972:1",41.2,43.5,31.41,29.7860069,35.5,2238,81.182,72.9,59.8,62.687,3182.3,59177,268.9,2465.5,218.411,872.138,1364.065,57.19,103.3,3.5,4.28,5.95,3.38,5.8
" 1972:2",41.4,43.6,31.41,29.9056335,35.5,2169,81.52,72.9,59.8,63.119,3206.6,59355,263.4,2470.685,215.785,878.183,1367.234,58.45,105.24,3.29,4.27,6.08,3.2,5.7
" 1972:3",41.4,43.6,31.41,29.9511489,35.5,2105,81.968,72.9,59.8,63.639,3223.3,59608,262.3,2510.281,221.462,896.08,1379.666,59.96,107.69,3.83,4.67,6.07,3.73,5.8
" 1972:4",41.5,43.8,31.61,30.0042953,35.6,2139,83.091,74.2,59.9,64.657,3238.8,59822,263.7,2516.723,221.715,897.528,1384.937,60.65,108.81,4.17,4.96,6.19,3.71,5.7
" 1972:5",41.6,43.9,31.61,30.0701563,35.6,2067,82.689,74.2,59.9,64.505,3252.3,60052,267,2528.926,224.736,906.374,1381.921,59.82,107.65,4.27,4.64,6.13,3.69,5.7
" 1972:6",41.7,44,31.61,30.1171475,35.6,2183,82.74,74.2,59.9,64.713,3226.5,60387,293.9,2536.887,225.211,907.476,1389.081,59.87,108.01,4.46,4.93,6.11,3.91,5.7
" 1972:7",41.8,44.1,31.92,30.221893,35.8,2195,82.524,74.7,60.2000000000001,64.616,3274.4,60292,283.6,2555.376,228.342,913.615,1397.003,59.21,107.21,4.55,4.96,6.11,3.98,5.6
" 1972:8",41.9,44.3,31.92,30.3131042,35.8,2263,83.387,74.7,60.2000000000001,65.496,3306.2,60520,255,2568.889,231.129,916.338,1404.224,61.07,111.01,4.8,4.98,6.21,4.02,5.6
" 1972:9",42.1,44.3,31.92,30.4481724,35.8,2393,83.943,74.7,60.2000000000001,66.215,3318,60678,255.2,2573.34,229.742,919.879,1407.454,60.05,109.39,4.87,5.52,6.55,4.66,5.5
" 1972:10",42.2,44.4,32.32,30.485062,36.1,2354,85.039,75.2,61.1000000000001,67.166,3386.4,61070,250.4,2616.078,239.593,933.637,1421.379,59.99,109.56,5.04,5.52,6.48,4.74,5.6
" 1972:11",42.4,44.4,32.32,30.5756252,36.1,2234,85.909,75.2,61.1000000000001,67.969,3422.2,61379,243.1,2626.553,242.293,931.622,1431.586,62.99,115.05,5.06,5.27,6.28,4.78,5.3
" 1972:12",42.5,44.6,32.32,30.6790717,36.1,2419,86.652,75.2,61.1000000000001,68.615,3436.3,61693,246.3,2636.452,244.697,932.141,1438.228,64.26,117.5,5.33,5.52,6.36,5.07,5.2
" 1973:1",42.7,44.6,32.71,30.7763706,36.3,2271,86.607,77,61.3,68.669,3433,61927,228.3,2662.221,253.723,941.979,1438.929,64.38,118.42,5.94,5.89,6.46,5.41,4.9
" 1973:2",43,44.8,32.71,30.9342426,36.3,2226,87.567,77,61.3,69.618,3450.8,62321,220.5,2678.876,257.921,946.701,1444.597,61.52,114.16,6.58,6.19,6.64,5.6,5
" 1973:3",43.4,45,32.71,31.160965,36.3,2062,87.502,77,61.3,69.599,3455.7,62518,227.2,2681.39,262.168,939.225,1449.898,60.15,112.42,7.09,6.85,6.71,6.09,4.9
" 1973:4",43.7,45.1,33.25,31.3978432,36.7,1908,87.493,77,61.4,69.854,3455.4,62648,238.5,2669.763,256.885,934.676,1452.153,58.67,110.27,7.12,6.85,6.67,6.26,5
" 1973:5",43.9,45.3,33.25,31.5466277,36.7,1931,87.576,77,61.4,70.151,3480.4,62820,235.5,2675.576,257.68,932.803,1460.319,56.74,107.22,7.84,6.89,6.85,6.36,4.9
" 1973:6",44.2,45.4,33.25,31.7297227,36.7,2051,87.921,77,61.4,70.687,3489.7,63013,240,2668.977,246.707,935.998,1468.424,55.14,104.75,8.49,7.31,6.9,7.19,4.9
" 1973:7",44.2,45.5,33.86,31.8410781,37.1,1819,88.146,76.3,61.9,71.126,3501.4,63037,242.3,2691.184,250.48,951.975,1466.047,56.12,105.83,10.4,8.39,7.13,8.01,4.8
" 1973:8",45,45.7,33.86,32.2116795,37.1,1809,87.994,76.3,61.9,71.085,3492.5,63247,254.1,2658.188,247.416,927.215,1466.23,55.33,103.8,10.5,8.82,7.4,8.67,4.8
" 1973:9",45.2,46,33.86,32.3377129,37.1,1704,88.243,76.3,61.9,71.63,3515.2,63414,247.4,2698.15,257.378,940.814,1477.26,56.71,105.61,10.78,8.31,7.09,8.29,4.8
" 1973:10",45.6,46.3,34.58,32.5215303,38,1411,88.524,75.8,61.3,71.898,3546.9,63668,241.3,2679.714,248.532,936.533,1477.321,59.27,109.84,10.01,7.4,6.79,7.22,4.6
" 1973:11",45.9,46.5,34.58,32.7856066,38,1402,88.469,75.8,61.3,71.924,3558.4,63938,255.7,2684.794,246.991,940.311,1480.977,54.59,102.03,10.03,7.57,6.73,7.83,4.8
" 1973:12",46.3,46.7,34.58,33.0562339,38,1288,86.573,75.8,61.3,70.788,3549.8,64073,290.5,2662.221,240.801,932.771,1475.493,50.39,94.78,9.95,7.27,6.74,7.45,4.9
" 1974:1",46.8,46.9,35.2,33.3660687,38.8,1331,85.32,75.7,60.0000000000001,69.808,3524.6,64016,313.3,2661.749,240.025,930.615,1479.241,51.39,96.11,9.65,7.42,6.99,7.77,5.1
" 1974:2",47.3,47.2,35.2,33.7582372,38.8,1360,84.715,75.7,60.0000000000001,69.535,3502.6,64169,317.9,2645.775,235.006,924.129,1478.113,50.01,93.45,8.97,6.88,6.96,7.12,5.2
" 1974:3",47.8,47.6,35.2,34.1473273,38.8,1440,84.808,75.7,60.0000000000001,69.852,3479,64143,313.7,2649.651,240.857,918.085,1481.099,52.15,97.44,9.35,7.76,7.21,7.96,5.1
" 1974:4",48.1,47.9,36.02,34.3803737,40.3,1254,84.224,75.7,61.1000000000001,69.722,3474.3,64182,292.4,2658.764,240.666,921.91,1487.071,49.21,92.46,10.51,8.62,7.51,8.33,5.1
" 1974:5",48.6,48.5,36.02,34.7068224,40.3,1138,84.996,75.7,61.1000000000001,70.538,3483.8,64305,294.9,2666.882,244.013,920.667,1492.8,47.35,89.67,11.31,8.78,7.58,8.23,5.1
" 1974:6",49,49,36.02,34.9972371,40.3,1086,85.053,75.7,61.1000000000001,70.757,3486.6,64348,311.9,2660.23,238.039,920.493,1495.725,47.14,89.79,11.93,8.67,7.54,7.9,5.4
" 1974:7",49.3,49.5,37.09,35.2419549,41.5,1002,84.338,74.7,61.7000000000001,70.43,3508.9,64362,309,2669.134,240.327,924.979,1495.907,43.27,82.82,12.92,8.8,7.81,7.55,5.5
" 1974:8",49.9,50.2,37.09,35.6117316,41.5,917,84.066,74.7,61.7000000000001,70.184,3491.6,64268,342.4,2687.78,251.719,925.404,1497.34,39.86,76.03,12.01,9.36,8.04,8.96,5.5
" 1974:9",50.6,50.7,37.09,35.9641405,41.5,840,83.928,74.7,61.7000000000001,70.476,3485.5,64218,360.2,2659.602,236.591,918.353,1500.813,35.69,68.12,11.34,8.87,8.04,8.06,5.9
" 1974:10",51,51.2,38.2,36.2213475,42.7,824,82.956,75.3,62.3,69.965,3494.4,64239,404.7,2649.86,225.618,917.345,1510.472,36.62,69.44,10.06,8.05,7.9,7.46,6
" 1974:11",51.5,51.6,38.2,36.4866412,42.7,783,80.436,75.3,62.3,67.957,3469.8,63858,470.2,2620.74,213.633,911.852,1504.744,37.98,71.74,9.45,7.66,7.68,7.47,6.6
" 1974:12",51.9,52,38.2,36.7701548,42.7,869,76.345,75.3,62.3,65.131,3462,63168,523.7,2614.664,212.037,900.55,1516.901,35.41,67.07,8.53,7.31,7.43,7.15,7.2
" 1975:1",52.3,52.3,39.08,36.9987208,44.1,726,73.895,76,62.1000000000001,63.439,3450.4,62627,560.6,2634.41,219.921,910.136,1512.574,38.56,72.56,7.13,6.83,7.5,6.26,8.1
" 1975:2",52.6,52.8,39.08,37.1920042,44.1,729,72.262,76,62.1000000000001,62.422,3444.1,62135,541,2658.031,227.59,913.599,1522.538,42.48,80.1,6.24,5.98,7.39,5.5,8.1
" 1975:3",52.8,53,39.08,37.3028753,44.1,709,70.516,76,62.1000000000001,61.312,3444.5,61802,546.3,2653.841,218.984,917.377,1527.687,44.35,83.78,5.54,6.11,7.73,5.49,8.6
" 1975:4",53,53.3,39.63,37.4386713,44.8,866,71.126,77.3,63.7000000000001,61.88,3449.6,61649,516.4,2657.402,219.108,914.166,1536.584,44.91,84.72,5.49,6.9,8.23,5.61,8.8
" 1975:5",53.1,53.5,39.63,37.5749701,44.8,914,70.836,77.3,63.7000000000001,61.688,3470.9,61791,496.3,2712.082,229.501,943.616,1541.642,47.76,90.1,5.22,6.39,8.06,5.23,9
" 1975:6",53.5,53.8,39.63,37.8054773,44.8,946,71.726,77.3,63.7000000000001,62.491,3533,61748,495,2716.691,232.097,942.499,1544.171,49.22,92.4,5.55,6.29,7.86,5.34,8.8
" 1975:7",54,54,40.33,38.1284202,45.5,1020,72.28,78.1,65.4000000000001,62.857,3497,61931,449,2727.375,239.556,938.926,1548.833,49.54,92.49,6.1,7.11,8.06,6.13,8.6
" 1975:8",54.2,54.2,40.33,38.285118,45.5,994,73.336,78.1,65.4000000000001,63.977,3525.6,62277,451.1,2734.812,239.02,943.49,1552.246,45.71,85.71,6.14,7.7,8.4,6.44,8.4
" 1975:9",54.6,54.5,40.33,38.472444,45.5,1064,74.098,78.1,65.4000000000001,64.642,3537.3,62474,444.9,2741.726,245.665,940.956,1552.276,44.97,84.67,6.24,7.75,8.43,6.42,8.4
" 1975:10",54.9,54.8,41.05,38.6902942,46.1,1096,74.475,78.1,65.8,64.958,3556,62721,417.6,2741.15,241.221,936.328,1566.536,46.87,88.57,5.82,6.95,8.14,5.96,8.4
" 1975:11",55.3,55.2,41.05,38.9256251,46.1,1110,74.917,78.1,65.8,65.569,3560.1,62855,396.8,2763.095,248.698,946.355,1565.135,47.64,90.07,5.22,6.49,8.05,5.48,8.3
" 1975:12",55.6,55.5,41.05,39.1449964,46.1,1091,75.512,78.1,65.8,66.1,3567.4,63118,373.9,2789.649,256.287,949.236,1579.729,46.78,88.7,5.2,6.6,8,5.44,8.2
" 1976:1",55.8,55.9,41.5,39.2765714,46.6,1195,76.162,79.6,66.1,66.815,3599.7,63493,373.1,2820.707,258.963,964.362,1591.034,51.31,96.86,4.87,5.81,7.74,4.87,7.9
" 1976:2",55.9,56.2,41.5,39.3361568,46.6,1190,77.714,79.6,66.1,68.002,3624.4,63771,348,2818.979,262.988,958.948,1589.327,53.73,100.64,4.77,5.91,7.79,4.88,7.7
" 1976:3",56,56.5,41.5,39.3899429,46.6,1164,77.182,79.6,66.1,67.836,3638.6,63970,360.2,2834.325,263.617,964.85,1598.499,54.01,101.08,4.84,6.21,7.73,5,7.6
" 1976:4",56.1,56.7,41.92,39.4856141,47.1,1132,77.248,80.4,66.5000000000001,68.099,3655.9,64289,371.3,2853.966,266.644,974.909,1602.49,54.28,101.93,4.82,5.92,7.56,4.86,7.7
" 1976:5",56.4,57,41.92,39.681682,47.1,1194,78.07,80.4,66.5000000000001,68.877,3663,64356,392.7,2833.33,256.207,969.242,1604.532,53.87,101.16,5.29,6.4,7.9,5.2,7.4
" 1976:6",56.7,57.2,41.92,39.8614731,47.1,1188,77.794,80.4,66.5000000000001,68.923,3667.1,64423,396.3,2865.436,264.665,982.48,1609.346,54.23,101.77,5.48,6.52,7.86,5.41,7.6
" 1976:7",57,57.6,42.5,40.0691611,47.8,1245,78.336,80.5,67.1,69.329,3694.6,64618,389.8,2873.292,265.861,981.299,1618.395,55.68,104.2,5.31,6.2,7.83,5.23,7.8
" 1976:8",57.3,57.9,42.5,40.3027681,47.8,1309,78.499,80.5,67.1,69.726,3705.3,64696,388.1,2878.11,263.469,984.888,1623.514,55.18,103.29,5.29,6,7.77,5.14,7.8
" 1976:9",57.6,58.2,42.5,40.5328509,47.8,1481,78.563,80.5,67.1,69.952,3709.9,64972,403.3,2889.476,265.54,985.455,1632.777,56.29,105.45,5.25,5.84,7.59,5.08,7.6
" 1976:10",57.9,58.5,43.27,40.7608773,48.7,1425,78.686,80.7,68.1,70.191,3708.3,64937,408.7,2895.237,262.853,991.011,1636.83,54.43,101.89,5.03,5.5,7.41,4.92,7.7
" 1976:11",58.1,58.7,43.27,40.9510422,48.7,1531,79.592,80.7,68.1,71.361,3744.1,65206,389.3,2912.468,266.41,988.54,1654.746,54.17,101.19,4.95,5.29,7.29,4.75,7.8
" 1976:12",58.4,58.9,43.27,41.1854823,48.7,1511,80.175,80.7,68.1,71.929,3756.3,65391,368,2951.069,280.145,997.654,1663.826,56.34,104.66,4.65,4.89,6.87,4.35,7.8
" 1977:1",58.7,59.3,43.97,41.3965604,49.4,1466,80.588,81.1,69.0000000000001,72.326,3750.9,65596,407.1,2943.317,271.798,998.488,1668.305,56.28,103.81,4.61,5.29,7.21,4.62,7.5
" 1977:2",59.3,59.7,43.97,41.7200569,49.4,1560,80.552,81.1,69.0000000000001,72.379,3763.9,65881,450.3,2959.344,281.18,1001.069,1667.238,54.93,100.96,4.68,5.47,7.39,4.67,7.6
" 1977:3",59.6,60,43.97,41.9274541,49.4,1660,81.384,81.1,69.0000000000001,73.22,3780.6,66305,356.9,2961.544,289.922,995.041,1662.759,54.67,100.57,4.69,5.5,7.46,4.6,7.4
" 1977:4",60,60.3,44.69,42.1870806,50.3,1660,82.344,81.5,69.7000000000001,74.258,3786.7,66681,371.3,2965.524,288.029,998.031,1666.812,53.92,99.05,4.73,5.44,7.37,4.54,7.2
" 1977:5",60.2,60.6,44.69,42.4235688,50.3,1668,82.903,81.5,69.7000000000001,75,3797,66989,379.6,2973.59,286.71,999.228,1677.171,53.96,98.76,5.35,5.84,7.46,4.96,7
" 1977:6",60.5,61,44.69,42.6691697,50.3,1752,83.296,81.5,69.7000000000001,75.567,3801.2,67299,357.4,2972.385,288.486,991.767,1683.113,54.3,99.29,5.39,5.8,7.28,5.02,7.2
" 1977:7",60.8,61.2,45.23,42.8982352,51,1687,83.151,82.3,70.2000000000001,75.605,3825.9,67586,364.1,2995.692,289.016,1001.006,1697.251,54.94,100.18,5.42,5.94,7.33,5.19,6.9
" 1977:8",61.1,61.5,45.23,43.0835601,51,1780,83.639,82.3,70.2000000000001,75.894,3842,67756,366.7,2995.797,291.796,995.482,1700.237,53.51,97.75,5.9,6.37,7.4,5.49,7
" 1977:9",61.3,61.8,45.23,43.2426336,51,1674,83.512,82.3,70.2000000000001,76.292,3865.2,68138,361.5,3005.853,294.151,997.606,1705.264,52.66,96.23,6.14,6.53,7.34,5.81,6.8
" 1977:10",61.6,62,46.16,43.4458247,51.9,1758,83.225,81.2,69.8,76.132,3892.7,68326,361.5,3029.893,293.602,1009.727,1718.153,51.37,93.74,6.47,6.97,7.52,6.16,6.8
" 1977:11",62,62.3,46.16,43.703948,51.9,1771,83.218,81.2,69.8,76.175,3923,68661,353,3047.91,298.01,1022.744,1714.07,51.87,94.28,6.51,6.95,7.58,6.1,6.8
" 1977:12",62.3,62.7,46.16,43.9183849,51.9,1754,83.359,81.2,69.8,75.877,3938.3,68861,357.4,3054.09,300.279,1016.448,1726.136,51.83,93.82,6.56,6.96,7.69,6.07,6.4
" 1978:1",62.7,63.1,46.86,44.1903952,52.5,1740,82.874,81.2,69.6,75.622,3928.2,68999,350.6,3020.937,280.114,1009.27,1731.468,49.89,90.25,6.7,7.28,7.96,6.44,6.4
" 1978:2",63,63.4,46.86,44.4008954,52.5,1736,82.637,81.2,69.6,75.631,3947.8,69284,381.5,3065.508,290.076,1024.051,1747.008,49.41,88.98,6.78,7.34,8.03,6.45,6.3
" 1978:3",63.4,63.8,46.86,44.6860693,52.5,1799,82.961,81.2,69.6,76.392,3976,69746,342.9,3095.938,298.059,1034.975,1754.503,49.5,88.82,6.79,7.31,8.04,6.29,6.3
" 1978:4",63.9,64.3,47.77,45.0406956,53.5,1948,85.189,82.7,70.4000000000001,78.991,4002.3,70418,323.7,3114.217,309.883,1029.45,1763.522,51.75,92.71,6.89,7.45,8.15,6.29,6.1
" 1978:5",64.5,64.7,47.77,45.3881332,53.5,1766,84.978,82.7,70.4000000000001,79.033,4009.4,70697,326.3,3127.573,313.225,1034.266,1766.996,54.49,97.41,7.36,7.82,8.35,6.41,6
" 1978:6",65,65.2,47.77,45.7017472,53.5,1983,85.785,82.7,70.4000000000001,79.905,4023.8,71092,333.3,3139.357,312.966,1037.792,1776.716,54.83,97.66,7.6,8.09,8.46,6.73,5.9
" 1978:7",65.5,65.6,48.6,45.9560187,54.6,1786,85.826,82.9,70.7000000000001,80.14,4050.3,71297,350.6,3125.373,307.189,1037.918,1769.769,54.61,97.19,7.81,8.39,8.64,7.01,6.2
" 1978:8",65.9,66.1,48.6,46.1888487,54.6,1691,85.942,82.9,70.7000000000001,80.339,4069.8,71568,335.3,3154.493,315.271,1042.577,1784.211,58.53,103.92,8.04,8.31,8.41,7.08,5.9
" 1978:9",66.5,66.7,48.6,46.4562394,54.6,1751,86.182,82.9,70.7000000000001,80.737,4080.4,71747,324.3,3149.465,300.365,1053.816,1788.386,58.58,103.86,8.45,8.64,8.42,7.85,6
" 1978:10",67.1,67.2,49.59,46.8091744,55.6,1781,86.346,83.4,70.6,81.146,4098.2,72076,327.8,3154.074,309.125,1046.89,1788.294,56.4,100.58,8.96,9.14,8.64,7.99,5.8
" 1978:11",67.5,67.6,49.59,47.0534319,55.6,1795,86.784,83.4,70.6,81.611,4112.8,72506,344.9,3165.021,309.575,1057.468,1786.009,52.74,94.71,9.76,10.01,8.81,8.64,5.9
" 1978:12",67.9,68,49.59,47.2985513,55.6,1818,86.946,83.4,70.6,81.913,4135.2,72797,349.7,3184.347,310.956,1067.274,1793.169,53.69,96.11,10.03,10.3,9.01,9.08,6
" 1979:1",68.5,68.5,50.55,47.6977878,56.6,1461,86.393,82.5,69.9000000000001,81.526,4144.1,72951,357.2,3175.967,305.026,1057.924,1806.332,55.77,99.71,10.07,10.41,9.1,9.35,5.9
" 1979:2",69.2,69.2,50.55,48.0193383,56.6,1492,86.739,82.5,69.9000000000001,82.14,4153.5,73189,359.8,3193.251,307.781,1061.686,1817.088,55.08,98.23,10.06,10.24,9.1,9.32,5.9
" 1979:3",69.9,69.8,50.55,48.3765109,56.6,1720,86.855,82.5,69.9000000000001,82.368,4171.8,73613,358.6,3196.603,307.282,1068.691,1812.152,56.19,100.11,10.09,10.25,9.12,9.48,5.8
" 1979:4",70.6,70.3,51.71,48.7796074,58.1,1597,85.332,82.3,70.2000000000001,81.597,4145.7,73502,415.2,3177.748,301.543,1051.187,1824.005,57.5,102.07,10.01,10.12,9.18,9.46,5.8
" 1979:5",71.4,70.8,51.71,49.2189978,58.1,1684,86.374,82.3,70.2000000000001,82.539,4147.2,73794,343.3,3184.242,302.954,1055.862,1822.786,56.21,99.73,10.24,10.12,9.25,9.61,5.6
" 1979:6",72.2,71.3,51.71,49.616092,58.1,1640,86.256,82.3,70.2000000000001,82.559,4149.9,74017,365,3190.999,294.564,1068.203,1827.874,57.61,101.73,10.29,9.57,8.91,9.06,5.7
" 1979:7",73,71.9,52.81,49.9987137,59.3,1534,85.558,82.1,69.4000000000001,81.96,4179.4,74019,379.1,3187.332,302.726,1057.106,1825.163,58.38,102.71,10.47,9.64,8.95,9.24,5.7
" 1979:8",73.7,72.7,52.81,50.3906679,59.3,1591,84.528,82.1,69.4000000000001,81.63,4186.2,74041,387.3,3222.686,308.959,1074.184,1832.932,61.19,107.36,10.94,9.98,9.03,9.52,6
" 1979:9",74.4,73.3,52.81,50.8365272,59.3,1638,84.29,82.1,69.4000000000001,81.689,4181.3,74116,384.8,3231.694,313.219,1078.183,1830.83,61.89,108.6,11.43,10.84,9.33,10.26,5.9
" 1979:10",75.2,74,53.9,51.2650769,60.5,1481,84.476,82.1,69.6,82.03,4202.2,74323,401.7,3222.057,301.419,1073.885,1845.333,59.27,104.47,13.77,12.44,10.3,11.7,6
" 1979:11",76,74.8,53.9,51.6321958,60.5,1276,83.632,82.1,69.6,81.623,4219,74404,417.9,3231.904,299.804,1083.314,1846.522,59.02,103.66,13.18,12.39,10.65,11.79,5.9
" 1979:12",76.9,75.7,53.9,52.0871403,60.5,1254,83.337,82.1,69.6,81.45,4233.8,74535,430.8,3223.262,299.083,1077.994,1844.937,61.75,107.78,13.78,11.98,10.39,12.04,6
" 1980:1",78,76.7,55.11,52.6761211,62.2,1280,83.258,82.3,70.1,81.83,4242.6,74626,416.6,3249.554,309.44,1082.039,1853.408,63.74,110.87,13.82,12.06,10.8,12,6.3
" 1980:2",79,77.5,55.11,53.2340186,62.2,1199,83.259,82.3,70.1,81.892,4224.3,74732,419,3222.214,296.919,1075.837,1850.33,66.06,115.34,14.13,13.92,12.41,12.86,6.3
" 1980:3",80.1,78.6,55.11,53.8631356,62.2,988,82.72,82.3,70.1,81.868,4197.1,74771,439.5,3195.293,281.896,1069.73,1851.884,59.52,104.69,17.19,15.82,12.75,15.2,6.3
" 1980:4",80.9,79.5,56.34,54.185103,64,808,80.782,81.5,69.6,80.271,4167.8,74336,556.3,3155.227,264.942,1065.716,1837.807,58.47,102.97,17.61,13.3,11.47,13.2,6.9
" 1980:5",81.7,80.1,56.34,54.6288456,64,861,78.057,81.5,69.6,78.283,4146.7,73990,626.4,3138.99,258.488,1062.363,1833.785,63.44,107.69,10.98,9.39,10.18,8.58,7.5
" 1980:6",82.5,81,56.34,54.9725294,64,1118,76.691,81.5,69.6,77.291,4152,73664,606.2,3153.184,265.485,1057.767,1845.76,65.43,114.55,9.47,8.16,9.78,7.07,7.6
" 1980:7",82.6,80.8,57.6,55.3979649,65,1259,75.928,81.8,69.8,76.795,4178.6,73426,556.6,3179.476,279.861,1057.547,1853.743,68.56,119.83,9.03,8.65,10.25,8.06,7.8
" 1980:8",83.2,81.3,57.6,55.8534011,65,1367,76.985,81.8,69.8,77.696,4182.7,73703,517.4,3182.671,273.752,1063.827,1858.831,70.87,123.5,9.61,10.24,11.1,9.13,7.7
" 1980:9",83.9,82.1,57.6,56.3371914,65,1484,77.92,81.8,69.8,78.846,4199.8,73864,482,3181.362,273.135,1058.113,1866.357,73.12,126.51,10.87,11.52,11.51,10.27,7.5
" 1980:10",84.7,83,59.13,56.7413344,66.3,1366,78.561,82.4,70.6,79.413,4246.9,74102,426.5,3218.391,285.995,1065.779,1878.667,75.17,130.22,12.81,12.49,11.75,11.62,7.5
" 1980:11",85.6,83.9,59.13,57.1576386,66.3,1383,79.67,82.4,70.6,80.695,4268.2,74323,410.6,3208.649,284.935,1060.821,1875.742,78.15,135.65,15.85,14.15,12.68,13.73,7.5
" 1980:12",86.4,84.9,59.13,57.4868789,66.3,1249,79.669,82.4,70.6,81.095,4296.7,74564,409.6,3231.066,282.66,1069.462,1894.176,76.69,133.48,18.9,14.88,12.84,15.49,7.2
" 1981:1",87.2,85.4,60.66,58.0172618,68.3,1221,78.976,83.5,70.3,80.396,4294.8,74805,413.7,3233.841,286.747,1081.535,1873.64,76.24,132.97,19.08,14.08,12.57,15.02,7.5
" 1981:2",88,85.9,60.66,58.6124293,68.3,1199,79.241,83.5,70.3,80.781,4280.3,74909,428.3,3227.295,294.398,1073.161,1865.169,73.52,128.4,15.93,14.57,13.19,14.79,7.4
" 1981:3",88.6,86.4,60.66,59.0324921,68.3,1183,79.269,83.5,70.3,81.147,4288.3,75061,407.2,3237.927,298.096,1072.17,1873.335,76.46,133.19,14.7,13.71,13.12,13.36,7.4
" 1981:4",89.1,87,61.76,59.2760905,69.7,1190,79.252,82.6,70.6,80.604,4268.3,75094,408.8,3227.033,284.127,1077.474,1875.498,77.6,134.43,15.72,14.32,13.68,13.69,7.2
" 1981:5",89.7,87.8,61.76,59.5533878,69.7,1173,79.629,82.6,70.6,81.279,4277.1,75078,416.8,3228.394,279.584,1076.042,1886.528,76.28,131.73,18.52,16.2,14.1,16.3,7.5
" 1981:6",90.5,88.6,61.76,59.8134184,69.7,976,79.333,82.6,70.6,81.789,4299,75241,432.4,3251.125,279.954,1083.015,1903.287,76.8,132.28,19.1,14.86,13.47,14.73,7.5
" 1981:7",91.5,89.8,62.95,60.2049875,71.3,935,79.631,83.5,71.1,82.513,4366.8,75290,434.5,3244.002,283.394,1078.151,1895.974,74.98,129.13,19.04,15.72,14.28,14.95,7.2
" 1981:8",92.2,90.7,62.95,60.6093233,71.3,889,78.837,83.5,71.1,82.144,4383.4,75315,443.5,3264.638,300.945,1079.615,1890.063,75.24,129.63,17.82,16.72,14.94,15.51,7.4
" 1981:9",93.1,91.8,62.95,61.0458363,71.3,847,78.033,83.5,71.1,81.478,4375.8,75373,476.9,3242.955,286.944,1078.529,1888.417,68.37,118.27,15.87,16.52,15.32,14.7,7.6
" 1981:10",93.4,92.1,64.1,61.3120395,72.6,731,76.982,82.5,70.7000000000001,80.857,4363,75320,493.3,3224.781,270.423,1079.82,1891.678,69.4,119.8,15.08,15.38,15.15,13.54,7.9
" 1981:11",93.8,92.5,64.1,61.6449085,72.6,748,75.617,82.5,70.7000000000001,79.726,4362.5,75121,511.3,3216.191,268.931,1076.703,1888.204,71.49,122.92,13.31,12.41,13.39,10.86,8.3
" 1981:12",94.1,93,64.1,61.8172981,72.6,796,74.242,82.5,70.7000000000001,78.831,4352.9,74936,534.8,3234.208,267.599,1084.432,1900.941,71.81,123.79,12.37,12.85,13.72,10.85,8.5
" 1982:1",94.4,93.3,64.99,62.1707893,73.5,794,72.578,81.7,72.3,77.562,4335.2,74570,545.2,3226.771,272.316,1075.806,1896.401,67.91,117.28,13.22,14.32,14.59,12.28,8.6
" 1982:2",94.7,93.8,64.99,62.3793991,73.5,808,74.578,81.7,72.3,79.235,4348.5,74625,533.7,3255.158,281.347,1088.256,1898.533,66.16,114.5,14.78,14.73,14.43,13.48,8.9
" 1982:3",94.7,93.9,64.99,62.5129303,73.5,891,73.928,81.7,72.3,78.681,4350.7,74469,556.5,3251.073,281.224,1081.645,1902.799,63.86,110.84,14.68,13.95,13.86,12.68,9
" 1982:4",95,94.7,65.83,62.5714669,74.4,888,73.125,82.4,74.4000000000001,77.938,4377.8,74158,586.7,3252.906,275.262,1087.706,1906.242,66.97,116.31,14.94,13.98,13.87,12.7,9.3
" 1982:5",95.9,95.4,65.83,62.9449175,74.4,953,72.693,82.4,74.4000000000001,77.341,4381.1,74095,585.8,3262.543,287.801,1085.297,1900.971,67.07,116.35,14.45,13.34,13.62,12.09,9.4
" 1982:6",97,96.1,65.83,63.4037734,74.4,913,72.566,82.4,74.4000000000001,77.083,4359.8,73809,596.9,3244.84,274.424,1077.474,1911.635,63.1,109.7,14.15,14.07,14.3,12.47,9.6
" 1982:7",97.5,96.7,66.75,63.7752363,75.3,1044,71.846,82.7,75.3,76.45,4358.7,73575,569.7,3263.748,275.509,1092.475,1911.94,62.82,109.38,12.59,13.24,13.95,11.35,9.8
" 1982:8",97.7,97.1,66.75,63.9293934,75.3,926,71.389,82.7,75.3,76.046,4358.6,73374,629.6,3265.476,277.722,1086.525,1918.339,62.91,109.65,10.12,11.43,13.06,8.68,9.8
" 1982:9",97.7,97.2,66.75,64.1031665,75.3,1042,70.876,82.7,75.3,75.488,4354.9,73269,671.7,3294.753,291.007,1089.516,1927.845,70.21,122.43,10.31,10.85,12.34,7.92,10.1
" 1982:10",98.1,97.5,67.45,64.4692035,76.1,1149,69.927,83.3,75.0000000000001,74.863,4354.2,72982,641.8,3308.057,282.567,1099.495,1942.958,76.1,132.66,9.71,9.32,10.91,7.71,10.4
" 1982:11",98,97.3,67.45,64.6524303,76.1,1229,69.577,83.3,75.0000000000001,74.664,4369.3,72831,594.4,3333.72,299.712,1096.505,1950.301,79.75,138.1,9.2,9.16,10.55,8.07,10.8
" 1982:12",97.7,97.2,67.45,64.7495605,76.1,1351,68.98,83.3,75.0000000000001,74.05,4382.4,72851,517.9,3347.076,302.264,1104.06,1951.947,80.3,139.37,8.95,8.91,10.54,7.94,10.8
" 1983:1",97.9,97.6,67.95,65.030508,76.4,1426,70.611,84.3,75.8,75.628,4372,72952,492.8,3348.962,298.121,1100.975,1964.287,83.25,144.27,8.68,8.62,10.46,7.86,10.4
" 1983:2",98,98,67.95,65.1110537,76.4,1471,70.833,84.3,75.8,75.453,4374.9,72898,488.7,3347.705,295.816,1100.802,1966.45,84.74,146.8,8.51,8.92,10.72,8.11,10.4
" 1983:3",98.1,98.2,67.95,65.2444975,76.4,1475,71.75,84.3,75.8,76.204,4394.6,73080,479.3,3383.634,300.39,1114.764,1982.691,87.5,151.88,8.77,9.04,10.51,8.35,10.3
" 1983:4",98.8,98.6,68.56,65.6424948,76.9,1566,72.459,86.3,76.3,77.159,4393.5,73359,497,3405.841,311.653,1109.191,1998.2,90.61,157.71,8.8,8.98,10.4,8.21,10.2
" 1983:5",99.2,98.9,68.56,65.897332,76.9,1669,73.368,86.3,76.3,78.089,4421.6,73630,468.1,3426.424,320.068,1114.811,2001.917,94.61,164.1,8.63,8.9,10.38,8.19,10.1
" 1983:6",99.4,99.2,68.56,66.1136262,76.9,1769,73.868,86.3,76.3,78.529,4428.3,74000,435.1,3458.216,330.092,1125.64,2009.412,96.43,166.39,8.98,9.66,10.85,8.79,10.1
" 1983:7",99.8,99.8,69.16,66.3481467,77.4,1795,74.845,87,77.2000000000001,79.922,4452.7,74418,404.3,3478.694,335.134,1131.575,2017.7,96.74,166.96,9.37,10.2,11.38,9.08,9.4
" 1983:8",100.1,100.1,69.16,66.5547146,77.4,1713,75.587,87,77.2000000000001,80.995,4444,74095,435.9,3483.932,331.953,1131.181,2028.883,93.96,162.42,9.56,10.53,11.85,9.34,9.5
" 1983:9",100.4,100.5,69.16,66.7766647,77.4,1585,77.16,87,77.2000000000001,82.377,4480.2,75218,409.1,3491.579,332.767,1136.675,2029.431,96.7,167.16,9.45,10.16,11.65,9,9.2
" 1983:10",100.8,101,69.77,66.9686664,78,1716,77.554,87.3,77.4000000000001,83.027,4517.6,75556,399.5,3521.747,344.714,1141.318,2040.095,96.78,167.65,9.48,9.81,11.54,8.64,8.8
" 1983:11",101.1,101.5,69.77,67.1648164,78,1668,77.682,87.3,77.4000000000001,82.945,4548.1,75878,385.1,3531.803,345.781,1147.331,2042.411,95.36,165.23,9.34,9.94,11.69,8.76,8.5
" 1983:12",101.4,101.8,69.77,67.2579576,78,1627,77.529,87.3,77.4000000000001,83.369,4589.3,76246,369.8,3572.917,360.157,1144.765,2070.992,94.92,164.36,9.47,10.11,11.83,9,8.3
" 1984:1",102.1,102.5,70.59,67.5414296,78.5,1816,79.272,87.5,78.6,85.102,4614.1,76656,350.9,3602.614,370.008,1160.38,2070.778,96.16,166.39,9.56,9.9,11.67,8.9,8
" 1984:2",102.6,102.8,70.59,67.8483876,78.5,1987,79.497,87.5,78.6,84.968,4649.8,77154,340.5,3553.8,360.767,1143.112,2050.821,90.6,157.25,9.59,10.04,11.84,9.09,7.8
" 1984:3",102.9,103.2,70.59,68.0177724,78.5,1725,79.832,87.5,78.6,85.906,4680.6,77417,345.5,3582.868,360.977,1148.385,2076.659,90.66,157.44,9.91,10.59,12.32,9.52,7.8
" 1984:4",103.3,103.7,71.16,68.2763038,79.1,1776,79.991,88.2,79.2000000000001,86.362,4716.1,77713,369.4,3606.175,366.667,1161.718,2078.03,90.67,157.6,10.29,10.9,12.63,9.69,7.7
" 1984:5",103.5,104.1,71.16,68.3790648,79.1,1741,80.056,88.2,79.2000000000001,86.859,4728.1,77986,357.7,3626.863,372.881,1167.668,2084.947,90.07,156.55,10.32,11.66,13.41,9.83,7.4
" 1984:6",103.7,104.5,71.16,68.5124729,79.1,1814,80.348,88.2,79.2000000000001,87.251,4766.5,78337,362.9,3651.846,377.505,1184.148,2085.983,88.28,153.12,11.06,12.08,13.56,9.87,7.2
" 1984:7",104.1,105,71.73,68.7103339,79.7,1605,80.363,88.3,80.0000000000001,87.426,4794.1,78593,360.3,3635.034,372.628,1169.557,2092.168,87.08,151.08,11.23,12.03,13.36,10.12,7.5
" 1984:8",104.4,105.4,71.73,68.916684,79.7,1530,80.21,88.3,80.0000000000001,87.415,4828.7,78783,390.1,3649.646,369.996,1171.257,2110.145,94.49,164.42,11.64,11.82,12.72,10.47,7.5
" 1984:9",104.7,105.8,71.73,69.0549272,79.7,1523,79.836,88.3,80.0000000000001,87.294,4865.6,79077,398,3675.939,374.311,1184.164,2117.549,95.68,166.11,11.3,11.58,12.52,10.37,7.3
" 1984:10",105.1,106.2,72.24,69.263986,80.2,1490,79.635,88.4,80.1,86.885,4836.3,79349,419.3,3665.202,372.782,1172.532,2121.998,95.09,164.82,9.99,10.9,12.16,9.74,7.4
" 1984:11",105.3,106.4,72.24,69.378382,80.2,1643,79.487,88.4,80.1,86.956,4867.5,79652,401.3,3717.524,389.076,1188.54,2137.69,95.85,166.27,9.43,9.82,11.57,8.61,7.2
" 1984:12",105.5,106.8,72.24,69.5236528,80.2,1626,79.039,88.4,80.1,86.567,4906.8,79847,381.7,3719.829,391.166,1183.881,2142.991,94.85,164.48,8.38,9.33,11.5,8.06,7.3
" 1985:1",105.7,107.1,73,69.7742614,81,1660,78.869,88.4,80.7000000000001,86.871,4910.5,80048,374.9,3749.159,397.293,1183.44,2167.519,99.11,171.61,8.35,9.02,11.38,7.76,7.3
" 1985:2",106.3,107.7,73,70.0928972,81,1662,79.077,88.4,80.7000000000001,87.618,4914.2,80173,388.7,3763.3,394.137,1193.026,2176.021,104.73,180.88,8.5,9.29,11.51,8.27,7.2
" 1985:3",106.8,108.1,73,70.3840996,81,1727,79.344,88.4,80.7000000000001,87.84,4929.8,80471,382.6,3757.853,402.614,1188.508,2163.589,103.92,179.42,8.58,9.86,11.86,8.52,7.2
" 1985:4",107,108.4,73.5,70.5346435,81.7,1664,79.227,88.7,82.3,87.982,4926.5,80611,398.2,3768.904,393.083,1199.542,2175.838,104.66,180.62,8.27,9.14,11.43,7.95,7.3
" 1985:5",107.2,108.8,73.5,70.731596,81.7,1709,79.375,88.7,82.3,88.183,4928.6,80834,393.5,3812.637,414.949,1200.943,2192.169,107,184.9,7.97,8.46,10.85,7.48,7.2
" 1985:6",107.5,109.1,73.5,70.950412,81.7,1716,78.893,88.7,82.3,87.967,4941.2,80929,392.4,3792.997,398.625,1193.183,2202.316,109.52,188.89,7.53,7.8,10.16,6.95,7.4
" 1985:7",107.7,109.4,73.85,71.0592673,82.2,1697,78.333,89.8,82.8,87.583,4947.2,80973,378.1,3817.875,406.047,1197.905,2213.803,111.64,192.54,7.88,7.86,10.31,7.08,7.4
" 1985:8",107.9,109.8,73.85,71.2087874,82.2,1808,78.766,89.8,82.8,88.107,4953,81205,403.6,3854.433,420.744,1206.216,2223.919,109.09,188.31,7.9,8.05,10.33,7.14,7.1
" 1985:9",108.1,110,73.85,71.3928788,82.2,1916,78.8,89.8,82.8,88.638,4959.1,81386,408.2,3910.369,457.579,1211.521,2228.794,106.62,184.06,7.92,8.07,10.37,7.1,7.1
" 1985:10",108.5,110.5,74.39,71.6389292,82.6,1743,77.92,90.2,83.4000000000001,87.872,4992.1,81577,404.2,3852.076,407.132,1210.671,2234.492,107.57,186.18,7.99,8.01,10.24,7.16,7.1
" 1985:11",109,111.1,74.39,71.9161794,82.6,1692,78.521,90.2,83.4000000000001,88.375,4985.4,81756,392.3,3863.965,408.31,1217.912,2237.356,113.93,197.45,8.05,7.88,9.78,7.24,7
" 1985:12",109.5,111.4,74.39,72.1409719,82.6,1794,78.194,90.2,83.4000000000001,88.99,5022.3,81948,385.1,3906.651,420.066,1215.346,2271.299,119.33,207.26,8.27,7.67,9.26,7.1,7
" 1986:1",109.9,111.9,74.68,72.3660212,82.8,1847,79.149,91.3,84.8,89.612,5015.8,82030,368.9,3909.741,430.762,1224.003,2249.94,120.16,208.19,8.14,7.73,9.19,7.07,6.7
" 1986:2",109.7,112.2,74.68,72.3328128,82.8,1767,78.599,91.3,84.8,88.972,5042.6,82104,372.1,3900.523,417.785,1223.751,2257.557,126.43,219.37,7.86,7.61,8.7,7.06,7.2
" 1986:3",109.1,112.5,74.68,72.1759892,82.8,1780,77.777,91.3,84.8,88.076,5091.2,82190,380.6,3913.512,410.813,1243.71,2257.74,133.97,232.33,7.48,7.03,7.78,6.56,7.2
" 1986:4",108.7,112.9,75.05,72.0910352,83,1858,78.731,92.1,85.7000000000001,88.749,5096.3,82352,389.6,3937.552,432.235,1238.248,2261.488,137.27,237.98,6.99,6.44,7.3,6.06,7.1
" 1986:5",109,113.1,75.05,72.2814803,83,1797,78.489,92.1,85.7000000000001,88.551,5099.9,82450,384.9,3961.016,441.402,1246.449,2265.297,137.37,238.46,6.85,6.65,7.71,6.15,7.2
" 1986:6",109.4,113.4,75.05,72.5952561,83,1790,78.132,92.1,85.7000000000001,88.247,5101.4,82343,373.4,3952.531,427.858,1246.119,2274.62,140.82,245.3,6.92,6.73,7.8,6.21,7.2
" 1986:7",109.5,113.8,75.51,72.672519,83.3,1780,78.211,92.4,86.1,88.534,5120.1,82635,373.1,3978.142,439.91,1248.039,2283.944,138.32,240.18,6.56,6.27,7.3,5.83,7
" 1986:8",109.6,114.2,75.51,72.8117586,83.3,1726,78.557,92.4,86.1,88.783,5128.5,82784,402.6,3996.474,459.04,1244.56,2282.177,140.91,245,6.17,5.93,7.17,5.53,6.9
" 1986:9",110,114.6,75.51,73.0773487,83.3,1686,78.429,92.4,86.1,88.7,5133.8,82990,391.8,4084.464,515.94,1246.906,2298.6,137.06,238.27,5.89,5.77,7.45,5.21,7
" 1986:10",110.2,115,76.01,73.206576,83.9,1675,78.913,92.2,87.0000000000001,89.499,5131.1,83146,374.9,4026.223,458.565,1258.459,2299.087,136.74,237.36,5.85,5.72,7.43,5.18,7
" 1986:11",110.4,115.3,76.01,73.4013345,83.9,1644,79.087,92.2,87.0000000000001,89.942,5136.5,83290,362.7,4012.972,441.482,1251.943,2314.84,140.84,245.09,6.04,5.8,7.25,5.35,6.9
" 1986:12",110.8,115.6,76.01,73.5642941,83.9,1903,79.879,92.2,87.0000000000001,90.772,5161,83521,357,4101.014,493.544,1263.307,2327.668,142.12,248.61,6.91,5.87,7.11,5.53,6.6
" 1987:1",111.5,116.1,76.7,74.0688637,84.4,1690,79.123,91.7,87.2000000000001,90.196,5162,83654,351.4,4001.24,415.862,1252.919,2335.011,151.17,264.51,6.43,5.78,7.08,5.43,6.6
" 1987:2",111.9,116.4,76.7,74.3873195,84.4,1689,80.228,91.7,87.2000000000001,91.24,5180.4,83894,348.7,4073.412,444.263,1277.427,2347.29,160.23,280.93,6.1,5.96,7.25,5.59,6.6
" 1987:3",112.3,116.8,76.7,74.6184488,84.4,1704,80.266,91.7,87.2000000000001,91.583,5197.5,84098,333.3,4074.617,445.582,1267.526,2358.138,166.43,292.47,6.13,6.03,7.25,5.59,6.6
" 1987:4",112.8,117.5,77.27,74.8919842,85,1601,80.553,92.4,88.3,91.958,5189.1,84399,336.2,4094.31,453.362,1273.334,2362.464,163.88,289.32,6.37,6.5,8.02,5.64,6.3
" 1987:5",113.1,117.9,77.27,75.0979736,85,1500,80.664,92.4,88.3,92.361,5222,84595,331.1,4096.51,448.781,1275.9,2368.01,163,289.12,6.85,7,8.61,5.66,6.3
" 1987:6",113.6,118.1,77.27,75.4029969,85,1522,81.366,92.4,88.3,93.159,5221,84736,322,4113.741,459.255,1275.884,2372.794,169.58,301.38,6.73,6.8,8.4,5.67,6.2
" 1987:7",113.9,118.5,77.84,75.5464352,85.7,1516,81.788,92.1,88.5000000000001,93.721,5243.3,85017,324.8,4132.649,465.223,1275.365,2385.895,174.28,310.09,6.58,6.68,8.45,5.69,6.1
" 1987:8",114.4,118.9,77.84,75.8652462,85.7,1511,81.526,92.1,88.5000000000001,93.828,5270.4,85248,320.2,4164.335,481.88,1277.584,2395.524,184.18,329.36,6.73,7.03,8.76,6.04,6
" 1987:9",114.8,119.4,77.84,76.1375181,85.7,1514,81.526,92.1,88.5000000000001,93.743,5274.9,85452,305.8,4144.066,471.283,1275.034,2390.527,178.39,318.66,7.22,7.67,9.42,6.4,5.9
" 1987:10",115.1,120,78.46,76.4287711,86.2,1447,82.487,93.1,89.1,95.014,5308.3,85846,299.9,4142.966,451.852,1275.963,2413.684,157.13,280.16,7.29,7.59,9.52,6.13,6
" 1987:11",115.5,120.3,78.46,76.6192888,86.2,1457,82.755,93.1,89.1,95.29,5327.5,86053,306.9,4145.323,455.834,1279.032,2407.62,137.21,245.01,6.69,6.96,8.86,5.69,5.8
" 1987:12",115.7,120.6,78.46,76.7493672,86.2,1345,83.149,93.1,89.1,95.855,5381,86344,319.2,4177.482,469.174,1288.162,2414.446,134.88,240.96,6.77,7.17,8.99,5.77,5.7
" 1988:1",116.1,121.1,78.98,76.9561183,86.7,1244,82.878,93,89.4000000000001,95.926,5369.3,86412,340.1,4213.83,481.923,1285.486,2439.949,140.55,250.48,6.83,6.99,8.67,5.81,5.7
" 1988:2",116.2,121.3,78.98,77.0394517,86.7,1438,83.094,93,89.4000000000001,96.243,5393,86795,319.4,4217.077,480.493,1289.327,2440.924,145.13,258.13,6.58,6.64,8.21,5.66,5.7
" 1988:3",116.6,121.9,78.98,77.3017955,86.7,1525,82.932,93,89.4000000000001,96.259,5410.1,87009,301.8,4253.006,482.792,1312.623,2450.247,149.88,265.74,6.58,6.71,8.37,5.7,5.7
" 1988:4",117.2,122.5,79.79,77.7072061,87.5,1429,83.671,93.4,90.1,96.816,5412.5,87234,306.1,4235.723,476.677,1302.706,2450.735,148.46,262.61,6.87,7.01,8.72,5.91,5.4
" 1988:5",117.6,122.9,79.79,77.9454619,87.5,1444,83.484,93.4,90.1,96.891,5417.3,87470,309.9,4261.386,483.051,1309.191,2462.709,144.94,256.12,7.09,7.4,9.09,6.26,5.6
" 1988:6",118.1,123.4,79.79,78.2929233,87.5,1485,83.377,93.4,90.1,96.96,5432.3,87769,299.5,4273.118,484.759,1310.325,2471.789,152.72,270.68,7.51,7.49,8.92,6.46,5.4
" 1988:7",118.6,123.8,80.71,78.6588612,88.4,1439,83.846,93.5,90.5000000000001,97.593,5451.5,88024,328.7,4282.808,478.378,1313.819,2486.323,152.12,269.05,7.75,7.75,9.06,6.73,5.4
" 1988:8",119,124.1,80.71,78.8646751,88.4,1460,83.962,93.5,90.5000000000001,98.117,5458.6,88179,324,4302.134,474.717,1325.64,2498.328,149.25,263.73,8.01,8.17,9.26,7.06,5.6
" 1988:9",119.6,124.8,80.71,79.2396523,88.4,1436,84.021,93.5,90.5000000000001,97.766,5466.6,88369,308.4,4289.774,471.573,1324.806,2490.041,151.47,267.97,8.19,8.09,8.98,7.24,5.4
" 1988:10",120,125.3,81.33,79.4863376,89.1,1516,84.092,94.1,90.7000000000001,98.035,5495.4,88597,298.6,4327.745,479.883,1333.243,2510.516,156.36,277.4,8.3,8.11,8.8,7.35,5.4
" 1988:11",120.4,125.8,81.33,79.6753537,89.1,1508,84.766,94.1,90.7000000000001,98.771,5503.1,88841,302.2,4336.597,482.836,1339.366,2509.358,152.67,271.02,8.35,8.48,8.96,7.76,5.3
" 1988:12",120.8,126.2,81.33,79.9347746,89.1,1501,85.12,94.1,90.7000000000001,99.275,5543.2,89125,307.1,4359.956,501.453,1335.242,2515.391,155.35,276.51,8.76,8.99,9.11,8.07,5.3
" 1989:1",121.3,126.7,82.2,80.3331792,90,1466,85.724,94,90.5000000000001,99.827,5592.6,89397,291.1,4364.198,495.029,1349.109,2512.466,160.4,285.41,9.12,9.05,9.09,8.27,5.4
" 1989:2",121.7,127,82.2,80.5790329,90,1383,84.543,94,90.5000000000001,99.038,5598.7,89613,314.4,4355.504,479.796,1337.084,2535.684,165.08,294.01,9.36,9.25,9.17,8.53,5.2
" 1989:3",122.3,127.5,82.2,80.8866489,90,1214,85.043,94,90.5000000000001,99.968,5621.9,89786,317.8,4351.576,481.868,1336.91,2529.194,164.6,292.71,9.85,9.57,9.36,8.82,5
" 1989:4",123.2,128,83.01,81.4138993,91,1376,84.953,94.1,90.4000000000001,100.213,5608.3,89956,301.3,4376.507,500.3,1337.194,2532.485,169.38,302.25,9.84,9.36,9.18,8.65,5.2
" 1989:5",123.8,128.5,83.01,81.7071854,91,1381,84.214,94.1,90.4000000000001,99.583,5586.4,90005,317.9,4370.902,486.867,1343.049,2536.537,175.3,313.93,9.81,8.98,8.86,8.43,5.2
" 1989:6",124.1,128.9,83.01,81.8890701,91,1322,84.062,94.1,90.4000000000001,99.407,5603.8,90074,328.1,4376.926,490.209,1345.253,2536.385,180.76,323.73,9.53,8.44,8.28,8.15,5.3
" 1989:7",124.6,129.4,83.62,82.0820852,91.6,1283,82.98,94.2,89.7000000000001,98.424,5612.4,90142,335,4388.658,494.783,1345.143,2543.302,185.15,331.93,9.24,7.89,8.02,7.88,5.2
" 1989:8",124.6,129.7,83.62,82.1029833,91.6,1334,83.101,94.2,89.7000000000001,98.824,5622.5,90176,335,4431.029,516.649,1355.516,2549.731,192.94,346.61,8.99,8.18,8.11,7.9,5.2
" 1989:9",124.9,130.1,83.62,82.3532299,91.6,1314,82.696,94.2,89.7000000000001,98.623,5620.2,90310,341.8,4420.554,496.546,1363.323,2554.667,193.02,347.33,9.02,8.22,8.19,7.75,5.3
" 1989:10",125.5,130.8,84.24,82.735059,92.2,1365,82.073,94.6,90.5000000000001,98.171,5631.2,90406,367,4418.04,488.889,1357.971,2567.342,192.49,347.4,8.84,7.99,8.01,7.64,5.3
" 1989:11",125.9,131.3,84.24,82.950365,92.2,1344,82.2,94.6,90.5000000000001,98.56,5660.6,90644,344.2,4418.511,483.618,1364.346,2567.22,188.5,340.22,8.55,7.77,7.87,7.69,5.4
" 1989:12",126.4,131.8,84.24,83.2219181,92.2,1422,82.143,94.6,90.5000000000001,99.032,5668,90742,370.8,4451.665,485.388,1376.797,2586.325,192.67,348.57,8.45,7.72,7.84,7.63,5.4
" 1990:1",127.6,132.3,85.18,83.7183591,93,1748,81.832,95.1,91.9000000000001,98.572,5693.3,90908,361.4,4476.281,529.626,1364.913,2572.096,187.96,339.97,8.23,7.92,8.21,7.64,5.4
" 1990:2",128.1,132.9,85.18,84.0704481,93,1329,82.451,95.1,91.9000000000001,99.081,5718.2,91190,358.9,4453.603,496.361,1369.792,2582.973,182.55,330.45,8.24,8.11,8.47,7.74,5.3
" 1990:3",128.6,133.7,85.18,84.4399641,93,1246,82.578,95.1,91.9000000000001,99.559,5718.6,91259,344.9,4467.901,494.173,1375.805,2594.034,186.26,338.47,8.28,8.35,8.59,7.9,5.2
" 1990:4",129,134.2,86.16,84.6886142,94.1,1136,81.798,95.5,92.2000000000001,98.959,5744.7,91209,356.5,4477.067,497.008,1370.721,2605.978,185.61,338.18,8.26,8.4,8.79,7.77,5.4
" 1990:5",129.2,134.6,86.16,84.927833,94.1,1067,82.007,95.5,92.2000000000001,99.35,5733.8,91261,352.3,4472.615,485.542,1369.682,2616.155,191.35,350.25,8.18,8.32,8.76,7.74,5.4
" 1990:6",130,135.3,86.16,85.3304481,94.1,1108,81.771,95.5,92.2000000000001,99.33,5746.1,91312,351,4486.756,485.246,1377.474,2622.706,196.68,360.39,8.29,8.1,8.48,7.73,5.2
" 1990:7",130.6,136,86.99,85.5659652,94.9,1078,81.617,95.6,93.6,99.284,5767.6,91281,362.4,4495.188,486.639,1377.726,2629.683,196.61,360.03,8.15,7.94,8.47,7.62,5.5
" 1990:8",131.7,136.8,86.99,86.1261315,94.9,1069,81.685,95.6,93.6,99.477,5740.4,91212,392.5,4496.655,479.291,1377.6,2640.043,181.46,330.75,8.13,7.78,8.75,7.45,5.7
" 1990:9",132.6,137.3,86.99,86.6654105,94.9,976,81.502,95.6,93.6,99.613,5741,91145,399.8,4494.979,484.445,1372.421,2638.032,173.24,315.41,8.2,7.76,8.89,7.36,5.9
" 1990:10",133.5,137.8,87.74,87.1852627,95.9,925,80.866,94.9,93.7000000000001,99.064,5698,90968,429.6,4466.225,473.108,1359.781,2635.168,168.05,307.12,8.11,7.55,8.72,7.17,5.9
" 1990:11",133.8,138.2,87.74,87.342838,95.9,941,79.678,94.9,93.7000000000001,97.748,5698.6,90766,457.3,4462.035,470.679,1366.267,2626.24,172.21,315.29,7.81,7.31,8.39,7.06,6.2
" 1990:12",134.3,138.8,87.74,87.4989763,95.9,861,79.041,94.9,93.7000000000001,97.171,5713.6,90661,468.8,4444.804,462.695,1353.438,2631.816,179.57,328.75,7.31,7.05,8.08,6.74,6.3
" 1991:1",134.8,139.7,88.76,87.8925113,97.1,786,78.224,95.3,93.3,96.693,5674.9,90441,454.1,4407.198,437.747,1350.243,2624.625,177.95,325.49,6.91,6.64,8.09,6.22,6.4
" 1991:2",134.9,140.4,88.76,88.0130709,97.1,853,77.536,95.3,93.3,95.929,5680.3,90168,492.7,4429.091,447.616,1357.043,2628.617,197.75,362.26,6.25,6.27,7.85,5.94,6.6
" 1991:3",134.9,140.7,88.76,88.0622376,97.1,911,76.606,95.3,93.3,95.046,5691.6,89984,505.8,4476.333,472.479,1369.446,2635.625,203.56,372.28,6.12,6.4,8.11,5.91,6.8
" 1991:4",135.2,141.1,89.4,88.264074,97.7,916,76.757,96.4,94.1,95.379,5708.4,89779,464.3,4463.082,453.368,1365.165,2648.605,207.71,379.68,5.91,6.24,8.04,5.65,6.7
" 1991:5",135.7,141.5,89.4,88.6351256,97.7,991,77.149,96.4,94.1,96.12,5707.6,89735,436.8,4473.767,451.278,1372.941,2653.571,206.93,377.99,5.78,6.13,8.07,5.46,6.9
" 1991:6",136.1,142,89.4,88.7803272,97.7,964,78.112,96.4,94.1,97.244,5738.3,89765,417.7,4472.929,457.455,1367.982,2651.103,207.31,378.29,5.9,6.36,8.28,5.57,6.9
" 1991:7",136.3,142.5,89.99,88.9079402,98.4,973,78.183,96.7,95.8,97.321,5724.7,89705,406.7,4490.789,461.314,1374.672,2657.989,208.29,380.23,5.82,6.31,8.27,5.58,6.8
" 1991:8",136.7,143.1,89.99,89.1210617,98.4,944,78.234,96.7,95.8,97.445,5728.4,89781,431.8,4481.623,456.278,1371.807,2657.289,213.33,389.4,5.66,5.78,7.9,5.33,6.9
" 1991:9",137.1,143.6,89.99,89.4532402,98.4,974,79.007,96.7,95.8,98.375,5740.5,89805,430.5,4480.523,463.102,1361.639,2659.482,212.54,387.2,5.45,5.57,7.65,5.22,6.9
" 1991:10",137.3,143.9,90.47,89.6378543,98.8,991,78.853,97.4,96.8,98.28,5728.7,89764,433,4461.354,450.292,1359.703,2656.192,213.09,386.88,5.21,5.33,7.53,4.99,7
" 1991:11",137.9,144.4,90.47,89.9033575,98.8,984,78.562,97.4,96.8,98.143,5735.4,89635,447.8,4481.361,452.172,1360.301,2674.26,213.25,385.92,4.81,4.89,7.42,4.56,7
" 1991:12",138.3,144.9,90.47,90.2055615,98.8,1061,78.06,97.4,96.8,97.51,5775.6,89620,463.2,4481.676,455.908,1356.649,2674.321,214.32,388.51,4.43,4.38,7.09,4.07,7.3
" 1992:1",138.4,145.3,91.16,90.4475599,99.4,1077,78.131,99.2,98.3,97.613,5794.3,89561,434,4542.431,469.557,1385.643,2690.683,229.33,416.08,4.03,4.15,7.03,3.8,7.3
" 1992:2",138.7,145.6,91.16,90.7336963,99.4,1146,78.468,99.2,98.3,98.099,5823.8,89527,444.9,4542.588,472.664,1383.329,2689.83,228.11,412.56,4.06,4.29,7.34,3.84,7.4
" 1992:3",139.2,146.1,91.16,90.9816112,99.4,1082,79.109,99.2,98.3,98.966,5830.2,89537,432.5,4549.449,463.86,1374.483,2716.339,225.21,407.36,3.98,4.63,7.54,4.04,7.4
" 1992:4",139.5,146.5,91.67,91.1914752,99.8,1054,79.461,99.7,99.7000000000001,99.695,5844.4,89702,420.3,4549.763,461.512,1378.717,2714.724,224.54,407.41,3.73,4.3,7.48,3.75,7.4
" 1992:5",139.8,147,91.67,91.3275042,99.8,1056,79.616,99.7,99.7000000000001,99.953,5863.4,89871,411.1,4570.818,471.788,1383.912,2719.447,228.54,414.81,3.82,4.19,7.39,3.63,7.6
" 1992:6",140.2,147.3,91.67,91.5172403,99.8,1057,79.386,99.7,99.7000000000001,99.708,5868.7,89915,411.4,4579.512,480.783,1374.546,2728.527,224.67,408.27,3.76,4.17,7.26,3.66,7.8
" 1992:7",140.6,147.8,91.97,91.8440244,100.1,1089,79.798,99.6,100.700000000001,100.431,5861,89951,438,4593.025,476.93,1381.33,2739.526,228.16,415.05,3.25,3.6,6.84,3.21,7.7
" 1992:8",140.9,148.1,91.97,91.6166123,100.1,1075,79.497,99.6,100.700000000001,100.152,5864.7,90025,403.3,4576.527,481.596,1389.893,2707.99,230.07,417.93,3.3,3.47,6.59,3.13,7.6
" 1992:9",141.2,148.3,91.97,92.0986566,100.1,1114,79.562,99.6,100.700000000001,100.544,5879.3,90097,417.6,4631.782,487.817,1393.136,2754.792,230.12,418.48,3.22,3.18,6.42,2.91,7.6
" 1992:10",141.8,149,92.55,92.4063825,100.7,1132,79.932,101.5,101.3,101.266,5912.5,90254,374,4649.747,492.946,1407.287,2752.537,226.97,412.5,3.1,3.3,6.59,2.86,7.3
" 1992:11",142.2,149.4,92.55,92.5634161,100.7,1118,80.213,101.5,101.3,101.781,5924.4,90414,361.8,4659.384,484.599,1409.144,2769.691,232.83,422.84,3.09,3.68,6.87,3.13,7.4
" 1992:12",142.4,149.8,92.55,92.6811597,100.7,1176,79.94,101.5,101.3,101.792,6124.9,90547,334.5,4688.557,503.981,1414.496,2772.769,239.47,435.64,2.92,3.71,6.77,3.22,7.4
" 1993:1",142.8,150.3,93.32,92.8976591,101.5,1177,80.369,100.2,101.8,102.162,5878.9,90775,340.8,4679.077,506.742,1414.905,2759.606,239.67,435.23,3.02,3.5,6.6,3,7.3
" 1993:2",143.2,150.8,93.32,93.0613162,101.5,1148,80.447,100.2,101.8,102.684,5878.3,91060,337.9,4687.719,491.343,1416.81,2783.22,243.41,441.7,3.03,3.39,6.26,2.93,7.1
" 1993:3",143.4,151,93.32,93.2311397,101.5,1056,80.443,100.2,101.8,102.853,5861.2,90994,353,4658.022,488.125,1398.944,2775.176,248.11,450.16,3.07,3.33,5.98,2.95,7
" 1993:4",143.9,151.6,93.82,93.470429,101.9,1104,80.707,100.1,101.700000000001,103.197,5964.1,91284,349.5,4709.559,508.709,1423.358,2779.929,244.72,443.08,2.96,3.24,5.97,2.87,7.1
" 1993:5",144.3,152,93.82,93.7278776,101.9,1112,80.224,100.1,101.700000000001,102.678,5982.4,91592,344.5,4713.54,514.781,1425.262,2775.359,246.02,445.25,3,3.36,6.04,2.96,7.1
" 1993:6",144.4,152.3,93.82,93.7224544,101.9,1130,80.095,100.1,101.700000000001,102.948,5978.1,91723,338.6,4741.455,516.359,1428.033,2799.338,247.16,448.06,3.04,3.54,5.96,3.07,7
" 1993:7",144.6,152.5,94.24,93.832297,102.3,1174,80.101,100.4,101.6,103.171,5977.6,91925,348.7,4764.448,526.587,1435.273,2804.244,247.85,447.29,3.06,3.47,5.81,3.04,6.9
" 1993:8",144.9,153,94.24,93.9724985,102.3,1230,79.733,100.4,101.6,103.011,6001.5,92117,342.3,4773.404,523.233,1434.077,2818.26,251.93,454.13,3.03,3.44,5.68,3.02,6.8
" 1993:9",145.1,153.1,94.24,94.0656351,102.3,1251,80.557,100.4,101.6,104.124,5997.1,92335,343.4,4792.678,524.226,1445.048,2825.451,254.86,459.24,3.09,3.36,5.36,2.95,6.7
" 1993:10",145.7,153.6,94.79,94.4094154,102.9,1287,80.552,101.3,102.500000000001,104.425,6004.3,92628,355.7,4807.762,534.274,1445.631,2829.412,257.53,463.9,2.99,3.39,5.33,3.02,6.8
" 1993:11",146,154.1,94.79,94.5810246,102.9,1357,80.746,101.3,102.500000000001,104.866,6019,92861,341.6,4820.856,540.192,1446.701,2835.292,255.93,462.89,3.02,3.58,5.72,3.1,6.6
" 1993:12",146.4,154.5,94.79,94.6132936,102.9,1461,81.257,101.3,102.500000000001,105.695,6217.9,93083,322.6,4838.244,545.186,1449.896,2844.372,257.73,465.95,2.96,3.61,5.77,3.06,6.5
" 1994:1",146.4,154.7,95.28,94.5829103,103.2,1390,81.077,101.5,103.500000000001,105.907,5979.9,93328,359.8,4819.599,536.913,1444.057,2840.228,262.11,472.99,3.05,3.54,5.75,2.98,6.6
" 1994:2",146.8,155,95.28,94.8078416,103.2,1269,81.135,101.5,103.500000000001,106.212,6038.5,93544,348.7,4887.582,550.796,1470.312,2867.438,261.97,471.58,3.25,3.87,5.97,3.25,6.6
" 1994:3",147.2,155.5,95.28,95.0225414,103.2,1342,81.728,101.5,103.500000000001,107.087,6060.6,93961,336.5,4892.557,553.071,1481.425,2858.602,257.32,463.81,3.34,4.32,6.48,3.5,6.5
" 1994:4",147.3,155.8,95.71,95.1174448,103.7,1392,82.108,101.8,104.900000000001,107.63,6131,94292,349,4898.214,560.209,1471.933,2866.493,247.97,447.23,3.56,4.82,6.97,3.68,6.4
" 1994:5",147.6,156.2,95.71,95.2684432,103.7,1396,82.608,101.8,104.900000000001,108.525,6161.8,94597,365.5,4903.608,546.468,1476.813,2881.698,249.56,450.9,4.01,5.31,7.18,4.14,6.1
" 1994:6",148,156.7,95.71,95.5306034,103.7,1357,82.465,101.8,104.900000000001,109.01,6154.1,94886,342,4921.783,548.447,1484.053,2890.595,251.21,454.83,4.25,5.27,7.1,4.14,6.1
" 1994:7",148.5,156.9,96.28,95.9067729,104.5,1335,82.817,101.6,105.400000000001,109.627,6156.4,95224,342.8,4919.688,551.036,1483.802,2885.963,249.29,451.4,4.26,5.48,7.3,4.33,6.1
" 1994:8",149.1,157.4,96.28,96.1681004,104.5,1377,82.896,101.6,105.400000000001,110.003,6168.2,95526,339.7,4953.731,561.461,1492.931,2900.04,256.08,464.24,4.47,5.56,7.24,4.48,6
" 1994:9",149.4,157.7,96.28,96.3021249,104.5,1412,82.778,101.6,105.400000000001,110.154,6197.5,95797,334.8,4960.173,560.703,1495.875,2904.398,257.61,466.96,4.73,5.76,7.46,4.62,5.9
" 1994:10",149.5,158,96.74,96.4278908,104.9,1397,82.959,102.4,106.000000000001,110.741,6249.6,96035,338.8,4984.842,570.498,1504.107,2910.552,255.22,463.81,4.76,6.11,7.74,4.95,5.8
" 1994:11",149.9,158.4,96.74,96.570272,104.9,1340,83.332,102.4,106.000000000001,111.512,6248.8,96420,329.2,4995.265,577.378,1506.389,2911.466,252.48,461.01,5.29,6.54,7.96,5.29,5.6
" 1994:12",150.2,158.6,96.74,96.6506569,104.9,1396,83.837,102.4,106.000000000001,112.64,6275.3,96683,324.4,5000.712,574.986,1509.112,2916.768,248.652857,455.19,5.45,7.14,7.81,5.6,5.5
" 1995:1",150.6,159.2,97.45,96.9446761,105.6,1282,84.019,102.2,107.500000000001,113.259,6286.7,96984,327,5017.995,579.659,1523.971,2914.239,253.56381,465.25,5.53,7.05,7.78,5.71,5.6
" 1995:2",151,159.6,97.45,97.1675476,105.6,1254,83.499,102.2,107.500000000001,113.2,6287.4,97255,337.9,4995.212,558.021,1505.87,2932.43,261.863684,481.92,5.92,6.7,7.47,5.77,5.4
" 1995:3",151.3,160.1,97.45,97.3330224,105.6,1226,83.332,102.2,107.500000000001,113.384,6292.6,97402,338.7,5021.452,573.593,1513.048,2935.263,266.809565,493.15,5.98,6.43,7.2,5.73,5.4
" 1995:4",151.9,160.6,97.86,97.5782418,106,1259,82.737,102.6,108.6,113.144,6300.6,97571,355.3,5018.833,560.961,1516.935,2941.906,274.374737,507.91,6.05,6.27,7.06,5.65,5.8
" 1995:5",152.2,160.9,97.86,97.7221445,106,1271,82.548,102.6,108.6,113.576,6301,97552,374,5060.681,578.482,1526.695,2955.891,281.805455,523.81,6.01,6,6.63,5.67,5.6
" 1995:6",152.5,161.3,97.86,97.8244188,106,1305,82.561,102.6,108.6,114.022,6320.8,97737,369.1,5099.281,592.667,1532.33,2974.295,289.521364,539.35,6,5.64,6.17,5.47,5.6
" 1995:7",152.7,161.6,98.3,97.9942028,106.3,1354,81.677,102.8,109.6,113.575,6330.3,97850,370.7,5076.236,582.094,1525.089,2969.42,298.176,557.3665,5.85,5.59,6.28,5.42,5.7
" 1995:8",153,162,98.3,98.1988755,106.3,1386,82.315,102.8,109.6,115.088,6337.3,98147,356.3,5118.136,602.518,1530.96,2984.533,300.046087,559.111,5.74,5.75,6.49,5.4,5.7
" 1995:9",153.2,162.4,98.3,98.2747485,106.3,1421,82.678,102.8,109.6,115.75,6360.2,98364,365.5,5103.314,587.347,1539.114,2977.129,310.4065,578.77,5.8,5.62,6.2,5.28,5.6
" 1995:10",153.7,162.9,98.78,98.485133,106.5,1400,82.027,103.6,110.3,115.337,6374.5,98472,371.6,5095.563,586.403,1531.275,2978.134,311.776818,582.918182,5.76,5.59,6.04,5.28,5.5
" 1995:11",153.8,163.2,98.78,98.5199784,106.5,1430,81.746,103.6,110.3,115.718,6398.7,98621,375.4,5135.263,594.3,1546.181,2994.953,317.58,595.53,5.8,5.43,5.93,5.36,5.6
" 1995:12",154.1,163.3,98.78,98.6840607,106.5,1442,81.444,103.6,110.3,115.869,6415.4,98788,361.6,5165.588,606.272,1556.476,3002.814,327.9,614.57,5.6,5.31,5.71,5.14,5.6
" 1996:1",154.8,163.9,99.39,98.9227546,106.9,1387,80.891,104.5,111.3,115.648,6421.4,98715,365.5,5146.367,593.468,1545.552,3007.568,330.492727,614.42,5.56,5.09,5.65,5,5.6
" 1996:2",155.1,164.3,99.39,99.1337644,106.9,1420,81.311,104.5,111.3,116.922,6468.9,99154,370,5186.695,608.473,1557.625,3020.639,346.181053,649.542,5.22,4.94,5.81,4.83,5.5
" 1996:3",155.6,164.7,99.39,99.4004497,106.9,1437,80.713,104.5,111.3,116.779,6488.2,99371,389.3,5189.89,603.252,1558.459,3028.318,346.733333,647.07,5.31,5.34,6.27,4.96,5.5
" 1996:4",156.2,164.8,99.74,99.6708056,107.3,1463,81.36,105.5,112.200000000001,118.068,6493,99543,360,5224.877,621.894,1567.903,3035.051,347.503333,647.17,5.22,5.54,6.51,4.95,5.6
" 1996:5",156.5,165.3,99.74,99.8271823,107.3,1457,81.687,105.5,112.200000000001,119.037,6517.7,99846,348.2,5232.104,626.314,1569.698,3036.026,354.842273,661.23,5.24,5.64,6.74,5.02,5.6
" 1996:6",156.8,165.6,99.74,99.8431211,107.3,1429,82.035,105.5,112.200000000001,119.989,6559.5,100137,348.6,5231.424,613.004,1571.996,3046.386,358.3165,668.499,5.27,5.81,6.91,5.09,5.3
" 1996:7",157.1,166,100.22,100.051229,107.7,1450,81.842,105.5,113.3,119.936,6559.8,100351,332.9,5237.237,611.895,1572.578,3052.693,345.517727,644.070455,5.4,5.85,6.87,5.15,5.5
" 1996:8",157.3,166.2,100.22,100.134876,107.7,1413,81.911,105.5,113.3,120.616,6586.7,100625,330.9,5261.12,622.689,1578.953,3059.427,354.588636,662.682273,5.22,5.67,6.64,5.05,5.1
" 1996:9",157.8,166.7,100.22,100.345475,107.7,1392,82.003,105.5,113.3,121.228,6608.7,100741,342.6,5264.629,619.619,1584.132,3060.829,360.9635,674.883,5.3,5.83,6.83,5.09,5.2
" 1996:10",158.3,167,100.63,100.669362,108.3,1358,81.585,105.9,114.200000000001,121.192,6598.8,101015,340.1,5279.504,626.141,1592.175,3061.225,373.537826,701.455652,5.24,5.55,6.53,4.99,5.2
" 1996:11",158.8,167.4,100.63,100.881541,108.3,1412,82.017,105.9,114.200000000001,122.379,6617.8,101278,338.1,5286.312,624.569,1593.199,3068.538,388.75,735.699,5.31,5.42,6.2,5.03,5.4
" 1996:12",159.2,167.7,100.63,101.057079,108.3,1411,82.079,105.9,114.200000000001,122.881,6643.3,101472,353.3,5309.724,626.382,1596.425,3086.85,391.613333,743.252857,5.29,5.47,6.3,4.91,5.4
" 1997:1",159.5,168,101.34,101.274276,109.1,1382,82.054,106.2,115.200000000001,123.457,6669.5,101650,326.9,5342.092,644.488,1602.344,3095.473,403.584545,766.216818,5.25,5.61,6.58,5.03,5.3
" 1997:2",159.9,168.3,101.34,101.535351,109.1,1445,82.596,106.2,115.200000000001,124.752,6689.1,101957,311.6,5351.153,636.776,1604.972,3109.367,418.565789,798.387895,5.19,5.53,6.42,5.01,5.3
" 1997:3",159.9,168.7,101.34,101.634468,109.1,1436,82.47899,106.2,115.200000000001,125.043,6720.3,102282,314.7,5358.747,643.15,1609.38,3106.32,416.7165,792.1555,5.39,5.8,6.69,5.14,5.2
" 1997:4",160,169.1,101.82,101.74333,109.7,1421,82.49,107.3,116.1,125.764,6732.6,102538,334.8,5368.175,635.783,1606.389,3125.699,401.002273,763.928182,5.51,5.99,6.89,5.16,5.1
" 1997:5",160.1,169.4,101.82,101.726765,109.7,1414,82.345,107.3,116.1,126.162,6760.5,102788,322.7,5361.471,626.764,1601.935,3132.006,433.364286,833.089048,5.5,5.87,6.71,5.05,4.9
" 1997:6",160.3,169.6,101.82,101.83505,109.7,1402,82.545,107.3,116.1,126.862,6784.7,102996,333.7,5397.4,646.991,1616.321,3134.139,457.068095,876.285238,5.56,5.69,6.49,4.93,5
" 1997:7",160.5,170,102.12,101.959382,110.1,1440,82.626,108.2,118.900000000001,127.701,6803.8,103259,306.1,5453.965,669.233,1629.496,3156.046,480.935,925.293636,5.52,5.54,6.22,5.05,4.9
" 1997:8",160.8,170.1,102.12,102.043455,110.1,1449,83.054,108.2,118.900000000001,128.816,6842.3,103347,330.8,5464.911,673.678,1633.022,3159.185,481.532857,927.73619,5.54,5.56,6.3,5.14,4.8
" 1997:9",161.3,170.4,102.12,102.247719,110.1,1494,83.002,108.2,118.900000000001,129.548,6861.5,103744,314.8,5467.32,668.623,1632.707,3166.589,489.74,937.024286,5.54,5.52,6.21,4.95,4.9
" 1997:10",161.6,170.8,102.49,102.400245,110.4,1499,83.015,108.4,120.3,130.346,6892.3,104045,312.3,5484.814,668.062,1630.929,3186.028,499.25,951.158696,5.5,5.46,6.03,4.97,4.7
" 1997:11",161.8,171,102.49,102.427818,110.4,1469,83.068,108.4,120.3,131.083,6934.5,104313,318.4,5506.549,686.05,1635.305,3186.364,492.08,938.92,5.52,5.46,5.88,5.14,4.6
" 1997:12",161.9,171.4,102.49,102.441152,110.4,1456,82.88,108.4,120.3,131.5,6962.5,104619,314.5,5530.013,688.566,1635.95,3206.474,504.66,962.365909,5.5,5.53,5.81,5.16,4.7
" 1998:1",162.1,171.8,102.76,102.485674,110.5,1555,82.885,109.6,121.900000000001,131.969,7012,104877,314.1,5540.75,695.495,1641.727,3205.011,504.13,963.359,5.56,5.24,5.54,5.04,4.7
" 1998:2",162.2,172.2,102.76,102.521981,110.5,1647,82.388,109.6,121.900000000001,131.997,7055.4,105062,310.3,5572.961,696.728,1652.95,3224.512,532.15,1023.74211,5.51,5.31,5.57,5.09,4.6
" 1998:3",162.2,172.5,102.76,102.54186,110.5,1605,82.029,109.6,121.900000000001,132.45,7091.5,105224,308.4,5603.495,696.913,1663.795,3243.799,560.7,1076.82545,5.49,5.39,5.65,5.03,4.7
" 1998:4",162.4,172.8,103.01,102.736677,110.7,1547,82.014,110.1,123.1,133.069,7104.5,105464,311.6,5609.833,701.623,1666.975,3242.55,578.05,1112.19667,5.45,5.38,5.64,4.95,4.4
" 1998:5",162.7,173.2,103.01,102.863794,110.7,1554,81.771,110.1,123.1,133.61,7139.4,105777,316.5,5658.437,725.807,1676.419,3258.912,574.46,1108.417,5.49,5.44,5.65,5,4.4
" 1998:6",162.9,173.4,103.01,102.88161,110.7,1551,80.622,110.1,123.1,132.658,7168.1,105978,348.1,5686.405,730.628,1685.486,3273.111,569.76,1108.39091,5.56,5.41,5.5,4.98,4.5
" 1998:7",163.2,173.8,103.38,103.096882,111,1610,80.092,110.5,125.200000000001,132.505,7187.8,106043,315.7,5685.881,711.529,1692.049,3283.592,586.39,1156.57727,5.54,5.36,5.46,4.96,4.5
" 1998:8",163.5,174.2,103.38,103.234925,111,1654,81.513,110.5,125.200000000001,135.295,7217.6,106373,306.8,5708.664,725.548,1691.011,3294.165,539.16,1074.62048,5.55,5.21,5.34,4.9,4.5
" 1998:9",163.5,174.4,103.38,103.251347,111,1577,80.887,110.5,125.200000000001,134.888,7237.3,106561,299.8,5738.361,742.933,1699.479,3299.345,506.56,1020.63952,5.51,4.71,4.81,4.61,4.5
" 1998:10",163.9,174.7,103.65,103.462419,111.2,1719,80.99501,111.4,125.900000000001,135.512,7256.4,106768,314.1,5758.316,756.945,1705.035,3300.96,511.49,1032.47,5.07,4.12,4.53,3.96,4.5
" 1998:11",164.2,175,103.65,103.54141,111.2,1672,80.393,111.4,125.900000000001,134.984,7315.6,106975,319.3,5771.514,764.472,1716.62,3296.054,564.26,1144.4335,4.83,4.53,4.83,4.42,4.4
" 1998:12",164.5,175.6,103.65,103.701171,111.2,1742,80.151,111.4,125.900000000001,135.09,7292.1,107301,322.7,5809.486,778.608,1726.254,3311.228,576.05,1190.05091,4.68,4.52,4.65,4.39,4.4
" 1999:1",164.8,175.9,104.12,103.973777,111.8,1732,80.158,111.9,127.500000000001,135.912,7304.5,107427,315.6,5817.866,759.152,1738.61,3324.726,595.43,1248.77474,4.63,4.51,4.72,4.34,4.3
" 1999:2",164.8,175.9,104.12,104.01016,111.8,1720,80.202,111.9,127.500000000001,136.313,7337.2,107794,292.1,5854.529,781.647,1751.47,3328.261,588.7,1246.58,4.76,4.7,5,4.44,4.4
" 1999:3",165,176,104.12,104.047698,111.8,1665,80.28,111.9,127.500000000001,137.294,7358.4,107938,294.7,5908.37,807.231,1755.5,3354.343,603.691739,1281.66,4.81,4.78,5.23,4.44,4.2
" 1999:4",166,176.6,104.45,104.589693,112.2,1600,80.10399,112,128.400000000001,137.433,7352.1,108187,308.2,5915.755,813.297,1753.139,3358.578,627.75,1334.76,4.74,4.69,5.18,4.29,4.4
" 1999:5",166,176.8,104.45,104.588018,112.2,1640,80.425,112,128.400000000001,138.373,7376.9,108363,305.9,5928.377,794.587,1767.699,3373.112,635.62,1332.07,4.74,4.85,5.54,4.5,4.2
" 1999:6",166.1,176.9,104.45,104.605675,112.2,1702,80.233,112,128.400000000001,138.605,7439.7,108577,300.4,5976.562,823.555,1774.247,3388.56,629.53,1322.55273,4.76,5.1,5.9,4.57,4.3
" 1999:7",166.7,177.3,104.8,104.849685,112.4,1682,80.441,113.4,129.800000000001,139.671,7436,108823,294.4,5987.09,815.344,1777.348,3402.851,648.831429,1380.99,4.99,5.03,5.79,4.55,4.3
" 1999:8",167.1,177.5,104.8,105.033287,112.4,1671,80.601,113.4,129.800000000001,140.278,7464.7,108974,289,6020.4,828.29,1789.043,3412.814,621.03,1327.49,5.07,5.2,5.94,4.72,4.2
" 1999:9",167.8,178,104.8,105.385228,112.4,1551,80.422,113.4,129.800000000001,140.392,7445.3,109140,295.4,6033.913,834.812,1791.892,3417.598,607.87,1318.1719,5.22,5.25,5.92,4.68,4.2
" 1999:10",168.2,178.3,105.22,105.562305,112.7,1649,80.807,115.6,132.7,141.481,7526.3,109545,288.9,6062.091,840.015,1801.588,3431.218,599.04,1300.01,5.2,5.43,6.11,4.86,4.1
" 1999:11",168.5,178.7,105.22,105.620353,112.7,1672,80.886,115.6,132.7,141.879,7551.8,109724,286.1,6090.845,850.563,1810.859,3441.181,634.22,1391,5.42,5.55,6.03,5.07,4.1
" 1999:12",168.9,179,105.22,105.792526,112.7,1683,81.02,115.6,132.7,142.808,7555.9,109964,283.2,6150.028,864.834,1841.695,3456.751,638.17,1428.68,5.3,5.84,6.28,5.2,4.1
" 2000:1",169.4,179.4,106.22,106.086511,113.6,1780,81.172,116.2,135.400000000001,143.569,7593.4,110218,279.8,6182.606,890.443,1836.642,3471.681,634.07,1425.59,5.45,6.12,6.66,5.32,4
" 2000:2",170.2,179.7,106.22,106.582919,113.6,1736,81.204,116.2,135.400000000001,144.291,7598.6,110356,284,6225.187,907.297,1847.566,3488.287,606.03,1388.87,5.73,6.22,6.52,5.55,4.1
" 2000:3",171.2,180.3,106.22,107.040406,113.6,1656,81.616,116.2,135.400000000001,145.234,7624,110794,263.1,6232.467,896.94,1850.101,3501.511,622.28,1442.21,5.85,6.22,6.26,5.69,4
" 2000:4",171.1,180.7,106.81,107.041977,114.1,1595,81.78501,118,137.500000000001,146.266,7668.7,110928,277.6,6244.042,891.546,1853.642,3513.851,646.82,1461.36,6.02,6.15,5.99,5.66,4
" 2000:5",171.3,181,106.81,107.009589,114.1,1540,81.941,118,137.500000000001,147.228,7697.3,110795,287.3,6263.106,883.014,1863.779,3529.574,640.07,1418.48,6.27,6.33,6.44,5.79,4.1
" 2000:6",172.2,181.3,106.81,107.304472,114.1,1566,81.966,118,137.500000000001,147.896,7715.5,111029,300.4,6274.786,885.499,1865.967,3536.734,649.61,1461.96,6.53,6.17,6.1,5.69,4
" 2000:7",172.7,181.7,107.31,107.572183,114.5,1534,81.559,118.8,139.7,147.595,7715.2,111180,295.3,6298.25,892.791,1876.97,3542.706,653.27,1473,6.54,6.08,6.05,5.96,4
" 2000:8",172.8,182.1,107.31,107.438601,114.5,1544,81.731,118.8,139.7,148.65,7749.2,111237,316.2,6330.303,900.226,1885.422,3559.373,666.14,1485.46,6.5,6.18,5.83,6.09,4.1
" 2000:9",173.6,182.6,107.31,107.785276,114.5,1549,81.66201,118.8,139.7,148.973,7811.3,111463,306.6,6360.943,916.464,1885.359,3575.827,677.05,1468.05,6.52,6.13,5.8,6,3.9
" 2000:10",173.9,182.8,107.78,107.965167,115,1562,81.22,119.4,141.6,148.66,7784.8,111564,310,6363.771,907.087,1888.287,3583.414,646.53,1390.14,6.51,6.01,5.74,6.11,3.9
" 2000:11",174.3,183.3,107.78,108.109507,115,1614,80.45,119.4,141.6,148.206,7789.6,111689,345.9,6372.36,896.108,1883.675,3605.169,646.639524,1375.04,6.51,6.09,5.72,6.17,4
" 2000:12",174.6,183.5,107.78,108.256838,115,1553,79.317,119.4,141.6,147.3,7814.7,111753,355.4,6383.8,884.8,1890.4,3619,645.44,1330.93,6.4,5.6,5.24,5.77,4
" 2001:1",175.7,184.1,108.65,108.833289,115.7,1724,78.412,119.1,140.8,146.013,7819.4,111799,325.9,6418.9,909.7,1914.7,3609.1,650.554286,1335.63,5.98,4.81,5.16,5.15,4.2
" 2001:2",176.2,184.7,108.65,109.013343,115.7,1663,77.911,119.1,140.8,145.443,7847.9,111915,356.4,6422.7,932.1,1898.5,3610.3,648.05,1305.75,5.49,4.68,5.1,4.88,4.2
" 2001:3",176.3,185.1,108.65,109.030615,115.7,1627,77.341,119.1,140.8,144.987,7883.3,111943,377.8,6438.1,927.9,1891.5,3635.3,603.44,1185.85,5.31,4.3,4.89,4.42,4.3
" 2001:4",176.8,185.5,109.26,109.293283,NA,1587,76.78,NA,NA,144.219,7879.8,111742,405.6,6455.2,930.8,1903.1,3638.2,607.06,1189.84,4.8,3.98,5.14,3.87,4.5
" 2001:5",177.5,185.7,109.26,109.435567,NA,1621,76.273,NA,NA,143.48,7886.3,111731,414.8,6464.9,932.3,1906.4,3643.2,644.44,1270.37,4.21,3.78,5.39,3.62,4.4
" 2001:6",177.9,186.3,109.26,NA,NA,1568,75.52,NA,NA,142.501,NA,111593,408.4,NA,NA,NA,NA,630.861905,1238.71,3.97,3.58,5.28,3.49,4.5
" 2001:7",NA,NA,NA,NA,NA,NA,NA,NA,NA,NA,NA,NA,NA,NA,NA,NA,NA,NA,NA,NA,NA,NA,NA,NA
